id,name,price,image,brandId,categoryId,subCategoryId,quantity,description,status,createdAt,updatedAt
0beb9af1-0f96-479e-9b2c-f7dfcd7a9729,3in1 WET DHOOP,30,"[""https://drive.google.com/thumbnail?id=1j8zQMYlG8Ja1QXX20eTBKOReslcjl5mT&sz=w1000"",""https://drive.google.com/thumbnail?id=1S8lAJF7XoUdSSZhdNcdT8dlGxrO8C-Eo&sz=w1000""]",cfbcdcce-c390-4ad4-8be1-61e6670e3544,53e1b745-e826-431a-80ea-5f061a637102,,20 Sticks,WET DHOOP ZIPPER,a,2025-03-16T18:15:55.194Z,2025-05-16T04:20:33.606Z
72dc71f2-952a-4f2d-900f-42a3415a785b,PERSIAN SAFFRON ,110,"[""https://drive.google.com/thumbnail?id=1n_LiPMn6VqpBIc0uuBL7aQzDlhbhv1AB&sz=w1000""]",4d325a04-600b-476e-85ea-a35752ae2a3f,ce969d72-748d-486c-a138-b78639afbdac,,10 Sticks,PREMIUM DHOOP STICKS ,a,2025-03-17T04:09:55.313Z,2025-03-17T09:07:16.585Z
47cb5824-6c72-4dc7-96e5-04cf6a40bfcf,AGAR OUDH,125,"[""https://drive.google.com/thumbnail?id=1QFVilujkgYMkzG-jMnxGQoIvmL_lD-vM&sz=w1000""]",4d325a04-600b-476e-85ea-a35752ae2a3f,ce969d72-748d-486c-a138-b78639afbdac,,10 Sticks,PREMIUM DHOOP STICKS ,a,2025-03-17T04:13:06.972Z,2025-07-05T10:01:12.074Z
fa737ec7-6b80-4ee5-8d9e-ef2a72033f2f,SOUL OF SANDAL,110,"[""https://drive.google.com/thumbnail?id=15Br3YlLP4ZmsXXOhmWUgRvEMPnxt61nU&sz=w1000""]",4d325a04-600b-476e-85ea-a35752ae2a3f,ce969d72-748d-486c-a138-b78639afbdac,,10 Sticks,PREMIUM DHOOP STICKS ,a,2025-03-17T04:14:19.692Z,2025-03-17T09:07:55.423Z
f0c5ebc1-56c9-4098-8c27-4cc80ce9b2aa,DHOOP SUGANDH,72,"[""https://drive.google.com/thumbnail?id=1YezW0aoqFywZfjbt8N9-u8p4309wWP6P&sz=w1000""]",4d325a04-600b-476e-85ea-a35752ae2a3f,32e59405-9207-41c3-a22b-9d66f323e046,,50 g,GUGAL AGARBATTI ,a,2025-03-17T04:23:10.643Z,2025-03-17T04:31:04.486Z
84b3c503-e53a-4ea6-a1ec-60c96a38be89,KANHAIYA BRUT MUSK,26,"[""https://drive.google.com/thumbnail?id=1Ear4mNc_qKN-pO_O7NmdJRpBQiuTMs2Y&sz=w1000""]",4d325a04-600b-476e-85ea-a35752ae2a3f,ce969d72-748d-486c-a138-b78639afbdac,,10 Nos,"DHOOP STICKS
",a,2025-03-17T04:36:06.063Z,2025-03-17T04:51:12.429Z
a21780e3-2410-4b3e-8aed-7218a39169da,KANHAIYA LAVENDER,26,"[""https://drive.google.com/thumbnail?id=1B46P1D8cfzLJoFON3bTcT7E8BGUiDeP2&sz=w1000""]",4d325a04-600b-476e-85ea-a35752ae2a3f,ce969d72-748d-486c-a138-b78639afbdac,,10 Nos,DHOOP STICKS ,a,2025-03-17T04:45:37.935Z,2025-03-17T04:51:44.156Z
fd36d2c1-d605-4580-9292-bea7276e48ad,KANHAIYA SANDAL,26,"[""https://drive.google.com/thumbnail?id=1Ncgr98VGlnhSg1Hz2slEH6UeQ0qRl1xt&sz=w1000""]",4d325a04-600b-476e-85ea-a35752ae2a3f,ce969d72-748d-486c-a138-b78639afbdac,,10 Nos,DHOOP STICKS ,a,2025-03-17T04:47:37.822Z,2025-03-17T04:52:04.699Z
fdce6afc-d178-4e0d-ab54-d9e5420ba064,KANHAIYA KEWDA,26,"[""https://drive.google.com/thumbnail?id=1FA7ot2TN1nVpJ2l7_gwZzxdFkHEc3jZb&sz=w1000""]",4d325a04-600b-476e-85ea-a35752ae2a3f,ce969d72-748d-486c-a138-b78639afbdac,,10 Nos,DHOOP STICKS ,a,2025-03-17T04:49:06.272Z,2025-03-17T04:51:30.433Z
bbf8dd84-3b14-4bc1-bfae-a224e0d79bb7,KANHAIYA ROSE,26,"[""https://drive.google.com/thumbnail?id=149bUdmZGmBG92kZQsRk63QzR2u0gl9Op&sz=w1000""]",4d325a04-600b-476e-85ea-a35752ae2a3f,ce969d72-748d-486c-a138-b78639afbdac,,10 Nos,DHOOP STICKS ,a,2025-03-17T04:50:36.658Z,2025-04-26T12:39:32.816Z
2f3525d2-1b6e-4574-83fd-41f9703c1208,KANHAIYA MOGRA,26,"[""https://drive.google.com/thumbnail?id=1lZuqZ9KXiBdX1NF3UtvIYggtaz9fR1M9&sz=w1000""]",4d325a04-600b-476e-85ea-a35752ae2a3f,ce969d72-748d-486c-a138-b78639afbdac,,10 Nos,DHOOP STICKS ,a,2025-03-17T04:55:04.502Z,2025-03-17T04:55:04.502Z
070845ad-23d6-41ae-b572-cb7c8dab88d8,DIVINE SOUL,55,"[""https://drive.google.com/thumbnail?id=1gCqnfFQzuaMQ1j1VRC7D5SVFXD_WmbH-&sz=w1000""]",4d325a04-600b-476e-85ea-a35752ae2a3f,ce969d72-748d-486c-a138-b78639afbdac,,20 Sticks,PREMIUM DHOOP STICKS ,a,2025-03-17T04:57:50.535Z,2025-03-17T07:41:42.582Z
a53b6368-f78b-4885-a4a8-1d4dca4ee0a5,AGAR OUDH,150,"[""https://drive.google.com/thumbnail?id=1AYnYGJAJ2B-vuIQT_r3iWnEx9yG6P0Uz&sz=w1000""]",4d325a04-600b-476e-85ea-a35752ae2a3f,ffc80404-4b92-4115-9885-94940d1c3a61,,50 g,PREMIUM FLUXO STICKS ,a,2025-03-17T05:01:54.221Z,2025-03-23T14:00:54.823Z
515b3368-38a8-46ac-8d81-311770153a28,AGAR OUDH ,700,"[""https://drive.google.com/thumbnail?id=1atxXpZy0GUhCXly5eEW-rfSfyMgF9JDi&sz=w1000""]",4d325a04-600b-476e-85ea-a35752ae2a3f,ffc80404-4b92-4115-9885-94940d1c3a61,,250 g,PREMIUM FLUXO STICKS ,a,2025-03-17T05:03:30.984Z,2025-03-23T13:59:10.232Z
9ba5e332-9551-421f-8590-e92b29a46582,INDIAN ART,98,"[""https://drive.google.com/thumbnail?id=1M0bQAZcfHNburHH-y-Gh_wYvbyMb7bF4&sz=w1000""]",4d325a04-600b-476e-85ea-a35752ae2a3f,2521b558-30d6-4c86-b59a-9d3c930f9df8,,100 g,PREMIUM INCENSE STICKS ,a,2025-03-17T05:08:48.360Z,2025-03-17T05:08:48.360Z
8d10a89f-48d5-41ec-8d59-6ae5726ca984,ARYABHATTA OUDH,125,"[""https://drive.google.com/thumbnail?id=1UMiB8gTL5Qr8s9TudGorFEu9GaJ7xzCF&sz=w1000""]",96b94937-3d30-4d5d-92a1-d55010544129,ace697b1-ce03-4c84-b315-6fc3d63bf904,,50 g,NATURAL INCENSE STICKS ,a,2025-03-17T05:16:12.632Z,2025-03-17T05:16:12.632Z
06be5d30-da49-4a2c-8b77-9c0f616a4264,VEERA,110,"[""https://drive.google.com/thumbnail?id=1tZYTQ1_jGwfC-XuskIpl-TZbJfZe9ymq&sz=w1000""]",82b0468b-1ef4-4d0f-860f-906cda269c8c,53e1b745-e826-431a-80ea-5f061a637102,,10 Nos,WET THICK DHOOP STICKS ,a,2025-03-17T05:21:31.036Z,2025-03-24T17:36:55.781Z
df91bbc8-462e-412c-a4fb-c7c1bd3b3ed2,SAI SIROMANI,70,"[""https://drive.google.com/thumbnail?id=128-BYQkppH0QEqB3YMtK1JNb2E2s2eXt&sz=w1000""]",82b0468b-1ef4-4d0f-860f-906cda269c8c,53e1b745-e826-431a-80ea-5f061a637102,,10 Sticks,PREMIUM WET DHOOP STICKS ,a,2025-03-17T05:28:35.750Z,2025-03-17T07:58:53.217Z
c833333f-ecb1-44af-87ac-e8344e160150,SWEET AROMA,70,"[""https://drive.google.com/thumbnail?id=15Z5CngLPNhuQGvGgBBC2DpnCA3rUsfnb&sz=w1000""]",82b0468b-1ef4-4d0f-860f-906cda269c8c,53e1b745-e826-431a-80ea-5f061a637102,,10 Sticks,PREMIUM WET DHOOP STICKS ,a,2025-03-17T05:52:37.178Z,2025-03-17T08:00:01.934Z
5fa127cb-c11b-42de-9273-b79937f970c3,SANDAL,75,"[""https://drive.google.com/thumbnail?id=1rTrI8ZXYnDgspWyAMQtLP3UOeKQRFRQr&sz=w1000""]",82b0468b-1ef4-4d0f-860f-906cda269c8c,53e1b745-e826-431a-80ea-5f061a637102,,10 Sticks,PREMIUM WET DHOOP STICKS ,a,2025-03-17T05:54:33.672Z,2025-03-17T07:59:07.054Z
a9878f92-0ff6-4ba8-aebf-b343104b5701,HIMALAYA KASTURI,100,"[""https://drive.google.com/thumbnail?id=1gFvpLIAk6-j7fekheq9sDwHVQfBljYIj&sz=w1000""]",82b0468b-1ef4-4d0f-860f-906cda269c8c,53e1b745-e826-431a-80ea-5f061a637102,,10 Sticks,PREMIUM WET DHOOP STICKS ,a,2025-03-17T05:56:05.217Z,2025-03-17T07:51:32.781Z
272ead10-9cea-4778-ad2f-d4f10d4f4781,KASTURI,75,"[""https://drive.google.com/thumbnail?id=1zu5LHnzqlC1FsF9wWpGqbpWPHNi1y49s&sz=w1000""]",82b0468b-1ef4-4d0f-860f-906cda269c8c,53e1b745-e826-431a-80ea-5f061a637102,,10 Sticks,PREMIUM WET DHOOP STICKS,a,2025-03-17T05:58:03.775Z,2025-03-17T07:52:07.192Z
4b20d550-5a04-4f0f-9a01-8fb77c9449c8,LAL QILLA,85,"[""https://drive.google.com/thumbnail?id=1sC0-zZNbheAI6jmxm5jkgRK2aThCtjbA&sz=w1000""]",82b0468b-1ef4-4d0f-860f-906cda269c8c,53e1b745-e826-431a-80ea-5f061a637102,,10 Sticks,PREMIUM WET DHOOP STICKS ,a,2025-03-17T06:05:51.330Z,2025-03-17T08:03:47.057Z
da3549a4-2cce-4311-8445-16b109d458c1,HERBAL SAFFRON,120,"[""https://drive.google.com/thumbnail?id=1KjpvaqbRo--XvMyhg-caNM73LIpMONKQ&sz=w1000""]",82b0468b-1ef4-4d0f-860f-906cda269c8c,53e1b745-e826-431a-80ea-5f061a637102,,10 Sticks,PREMIUM WET DHOOP STICKS ,a,2025-03-17T06:07:56.751Z,2025-03-17T07:51:10.404Z
66a12da1-9b3a-4c52-9f70-da1fb5938f0a,NEVER BLACK,70,"[""https://drive.google.com/thumbnail?id=1k1K34WdupvOPcgXJqcsdwkuSfmcYxl_T&sz=w1000""]",82b0468b-1ef4-4d0f-860f-906cda269c8c,53e1b745-e826-431a-80ea-5f061a637102,,10 Sticks,PREMIUM WET DHOOP STICKS ,a,2025-03-17T06:11:07.111Z,2025-03-17T08:03:58.089Z
e133ae29-bba6-4ea9-b880-e663119c1bb9,PANCHAKALA,95,"[""https://drive.google.com/thumbnail?id=1ZneIhjo6xQv8Rjqgn4uYpho34X3_gKoq&sz=w1000""]",82b0468b-1ef4-4d0f-860f-906cda269c8c,53e1b745-e826-431a-80ea-5f061a637102,,10 Sticks,PREMIUM WET DHOOP STICKS ,a,2025-03-17T06:13:23.302Z,2025-03-17T08:04:10.440Z
b9814510-f580-41c4-ab88-ae9c3e245a73,KAPOOR & GUGGAL CUPS,110,"[""https://drive.google.com/thumbnail?id=1OOw8FqEWA01iZCGardxkcIc-e7OuM5AW&sz=w1000""]",4d325a04-600b-476e-85ea-a35752ae2a3f,49e31f4f-0006-487b-8b66-af8de947b029,,12 Cups,PREMIUM DHOOP CUPS,a,2025-03-17T09:14:28.632Z,2025-03-17T09:14:28.632Z
80d2e21f-2248-4eec-93ba-82628fe9c130,SAMBRANI DHOOP CUPS ,110,"[""https://drive.google.com/thumbnail?id=1q6NiMgfseQgf0jYsm7E_OqHbdNJby5Vl&sz=w1000""]",4d325a04-600b-476e-85ea-a35752ae2a3f,49e31f4f-0006-487b-8b66-af8de947b029,,12 Cups,PREMIUM DHOOP CUPS ,a,2025-03-17T09:23:16.573Z,2025-03-17T09:23:16.573Z
3217f260-6460-4c69-ac7e-1ec75e62a1ae,SANDALWOOD,225,"[""https://drive.google.com/thumbnail?id=1qO4E1Gsgoo6Dix36edANYdfbo_sLBX-I&sz=w1000"",""https://drive.google.com/thumbnail?id=1d6I44eMmCaz-icVJg_iwN7HZHcCFnq92&sz=w1000""]",cfbcdcce-c390-4ad4-8be1-61e6670e3544,9ec5df4b-5de5-475a-b5e1-3a2dc2e3d0a6,,150 g,EXOTIC HAND ROLLED FLORA BATTI,a,2025-03-17T10:20:24.322Z,2025-05-16T04:24:41.913Z
90a65243-3dc2-401c-ba43-ea942e7057af,PATCHOULI,225,"[""https://drive.google.com/thumbnail?id=1S5Cls1MW4kEwCPwjP5zKksMjDffeKxhA&sz=w1000"",""https://drive.google.com/thumbnail?id=1JSZ0Z8Csr3IRYnzpKayJ2Bj6yGPlnfQC&sz=w1000"",""https://drive.google.com/thumbnail?id=1b9N8njMb7a-_VnPDYKatQLu4aSD0i3Wk&sz=w1000""]",cfbcdcce-c390-4ad4-8be1-61e6670e3544,9ec5df4b-5de5-475a-b5e1-3a2dc2e3d0a6,,150 g,EXOTIC HAND ROLLED BATTI,a,2025-03-17T10:22:36.208Z,2025-05-16T04:26:44.404Z
83c4e3ca-04a5-47cd-b7f3-3511839e8194,GOLDEN MYST 4IN1,225,"[""https://drive.google.com/thumbnail?id=1j_S4WSkwPHhTRSeAxD3hfANtrrg36oeR&sz=w1000"",""https://drive.google.com/thumbnail?id=1U3hcZpTfZwmfF1SzhnrwFCiFrwy_JhHk&sz=w1000"",""https://drive.google.com/thumbnail?id=1iCq_PCXKlsCcUj2L5Gs_INUwtT0dzdfP&sz=w1000""]",cfbcdcce-c390-4ad4-8be1-61e6670e3544,9ec5df4b-5de5-475a-b5e1-3a2dc2e3d0a6,,150 g,EXOTIC HAND ROLLED FLORA BATTI ,a,2025-03-17T10:25:28.221Z,2025-05-16T04:33:04.042Z
6bb5e7fe-208b-4417-afb3-25c3ee3ef733,DASANGAM CUP SAMBRANI,125,"[""https://drive.google.com/thumbnail?id=10xgAzQNOk1u4dLjH0e3eacS6kko1YMGo&sz=w1000""]",82b0468b-1ef4-4d0f-860f-906cda269c8c,49e31f4f-0006-487b-8b66-af8de947b029,,12 Cups,SPECIALLY MADE FROM JADI BUTI POWDER,a,2025-03-17T10:32:37.770Z,2025-03-17T11:07:01.205Z
34767eae-0b0e-4e86-802b-ce259b6696eb,BURMA WOODS,75,"[""https://drive.google.com/thumbnail?id=1PQUIWsod7D9RSYPEdoxr-6nD752GnhPJ&sz=w1000""]",468eb1ee-1d0b-47fe-b60e-cfae3d322978,ce969d72-748d-486c-a138-b78639afbdac,,100 g,PREMIUM DHOOP STICKS ,a,2025-03-17T10:34:49.128Z,2025-03-17T10:34:49.128Z
c568f48c-c6e1-49aa-8f2b-0383cb0cc58f,SRI DATT,72,"[""https://drive.google.com/thumbnail?id=1zFX8D0jvak8FSbgbLWZQ-3_4Q7sVyVda&sz=w1000""]",468eb1ee-1d0b-47fe-b60e-cfae3d322978,ce969d72-748d-486c-a138-b78639afbdac,,100 g,PREMIUM DHOOP STICKS ,a,2025-03-17T10:38:27.371Z,2025-05-15T18:03:45.513Z
c9b49c8b-fe27-48d7-963e-0ffe20d75ddd,KASTURI,75,"[""https://drive.google.com/thumbnail?id=1DZgOIhlEz7__7TBoDLsRf67RSSbUO6i6&sz=w1000""]",468eb1ee-1d0b-47fe-b60e-cfae3d322978,ce969d72-748d-486c-a138-b78639afbdac,,100 g,PREMIUM DHOOP STICKS ,a,2025-03-17T10:42:50.254Z,2025-03-17T10:42:50.254Z
d62b54b5-415f-4fb8-b245-ae61d0d243e9,MILLION,75,"[""https://drive.google.com/thumbnail?id=1k1yf9J7qsTqNvU2LSvOng_KgVEw_1ZMH&sz=w1000""]",468eb1ee-1d0b-47fe-b60e-cfae3d322978,ce969d72-748d-486c-a138-b78639afbdac,,100 g,PREMIUM DHOOP STICKS ,a,2025-03-17T10:48:24.483Z,2025-03-17T10:48:24.483Z
ee8edf76-fa4c-4de4-9914-6c81ab4e02b3,GAUVED GUGGAL SAMBRANI CUP,125,"[""https://drive.google.com/thumbnail?id=1EaudmHojaLdmZTjTAJC-96wbYIkMsb2v&sz=w1000""]",cfbcdcce-c390-4ad4-8be1-61e6670e3544,49e31f4f-0006-487b-8b66-af8de947b029,,12 Cups,MADE FROM COW DUNG,a,2025-03-18T04:59:22.724Z,2025-03-18T04:59:22.724Z
2be07fde-8083-4573-976d-a4d471b947e8,HERBAL GUGGAL CUP SAMBRANI ,110,"[""https://drive.google.com/thumbnail?id=1ogTleBcev0_eL4_egm-_OznabIgZ4nOH&sz=w1000""]",82b0468b-1ef4-4d0f-860f-906cda269c8c,49e31f4f-0006-487b-8b66-af8de947b029,,12 Cups,GUGGAL SAMBRANI DHOOP CUPS ,a,2025-03-18T05:02:00.509Z,2025-03-18T05:02:00.509Z
359d427b-1f41-44a8-aa2d-343bd5a68d3b,SANDALWOOD CUPS,300,"[""https://drive.google.com/thumbnail?id=1RoD8bGuFwTnQ2RooABeUAnvtUzpHGT2E&sz=w1000""]",96b94937-3d30-4d5d-92a1-d55010544129,49e31f4f-0006-487b-8b66-af8de947b029,,12 Cups,NATURAL CUP DHOOP,a,2025-03-18T05:52:06.695Z,2025-03-18T05:52:06.695Z
720f6354-611e-4acf-8839-4644cf24f60f,SAFFRON SANDAL DHOOP CUP,210,"[""https://drive.google.com/thumbnail?id=1JPGlLSOk9Mw42uowV0o1cGvzqvuUsCdz&sz=w1000""]",96b94937-3d30-4d5d-92a1-d55010544129,49e31f4f-0006-487b-8b66-af8de947b029,,12 Cups,CUP DHOOP,a,2025-03-18T05:53:51.144Z,2025-03-18T05:53:51.144Z
e9601581-f0fe-48c2-9183-da8f27eb2e31,MANTHAN SAMBRANI CUP,80,"[""https://drive.google.com/thumbnail?id=1066dEBHMb7amhT5Sa03SYz3xrKveDdaF&sz=w1000""]",cfbcdcce-c390-4ad4-8be1-61e6670e3544,49e31f4f-0006-487b-8b66-af8de947b029,,12 Cups,PREMIUM SAMBRANI CUP ,a,2025-03-18T05:55:47.012Z,2025-03-18T05:55:47.012Z
4e6edcc3-50ab-444e-8bf6-495f707057b2,GAUVED LOBAN SAMBRANI CUP,125,"[""https://drive.google.com/thumbnail?id=1Q9RcwXU_GjgMm4NcHepB9KBZ_EPy_jT4&sz=w1000""]",cfbcdcce-c390-4ad4-8be1-61e6670e3544,49e31f4f-0006-487b-8b66-af8de947b029,,12 Cups,MADE FROM COW DUNG,a,2025-03-18T05:57:39.151Z,2025-03-18T05:57:39.151Z
cf945130-7287-4dff-a62a-2b276fc82dd4,NATURAL SAMBRANI CUP GUGGAL,80,"[""https://drive.google.com/thumbnail?id=1SV7aVyNO2fWEFetT7_H4vwTJIEWKIg9X&sz=w1000"",""https://drive.google.com/thumbnail?id=1G-0JNmbQ2Ch0WQyojTrpc-uSa5g0dpt_&sz=w1000""]",cfbcdcce-c390-4ad4-8be1-61e6670e3544,49e31f4f-0006-487b-8b66-af8de947b029,,12 Cups,GUGGAL SAMBRANI CUP ,a,2025-03-18T06:02:53.224Z,2025-03-30T10:23:32.708Z
684cf667-a052-44ea-8cd8-7f4e48244875,ARYABHATTA SANDAL,125,"[""https://drive.google.com/thumbnail?id=1nRR7Cg3K4Q-o9HWLjAoiFeIezV9rPzAP&sz=w1000""]",96b94937-3d30-4d5d-92a1-d55010544129,ace697b1-ce03-4c84-b315-6fc3d63bf904,,50 g,NATURAL INCENSE STICKS,a,2025-03-18T06:05:36.230Z,2025-03-18T06:05:36.230Z
2be9aac7-b67d-45c4-8dfb-845fab8fe2a9,ARYABHATTA KASTURI,125,"[""https://drive.google.com/thumbnail?id=10zMTYTcjMwbde1zGuUgAnMJdiF0504LB&sz=w1000""]",96b94937-3d30-4d5d-92a1-d55010544129,ace697b1-ce03-4c84-b315-6fc3d63bf904,,50 g,NATURAL INCENSE STICKS ,a,2025-03-18T06:07:20.097Z,2025-03-18T06:07:20.097Z
cd5e5ebf-3ebe-462f-b82f-b7c53cb185bb,ARYABHATTA ROSE,125,"[""https://drive.google.com/thumbnail?id=1yUpPHmp6bph5Aw78bgc_oyURCk7hIVi8&sz=w1000""]",96b94937-3d30-4d5d-92a1-d55010544129,ace697b1-ce03-4c84-b315-6fc3d63bf904,,50 g,NATURAL INCENSE STICKS ,a,2025-03-18T06:10:39.912Z,2025-03-18T06:10:39.912Z
593a11a9-3b74-4fcf-9fc5-52b175dbe41f,PUSHPA,75,"[""https://drive.google.com/thumbnail?id=1P1pIn9vNrHPGJoLr5b6j8NFLE3iQ23KG&sz=w1000""]",4d325a04-600b-476e-85ea-a35752ae2a3f,2521b558-30d6-4c86-b59a-9d3c930f9df8,,120 g,ZIPPER POUCH,a,2025-03-18T06:19:03.719Z,2025-03-18T06:19:03.719Z
2cf0227a-50e4-4c36-aa5d-a65f493d5c6e,LAVENDER ZIPPER,70,"[""https://drive.google.com/thumbnail?id=1CfOtgIP45DkysGrbNhIcLK7_afabVxrO&sz=w1000""]",e420673a-a636-467c-b1fc-3b9b32dde70c,9ec5df4b-5de5-475a-b5e1-3a2dc2e3d0a6,,120 g,ZIPPER POUCH,a,2025-03-20T14:47:02.826Z,2025-03-20T14:47:02.826Z
8b29caf6-6406-4b83-a9ab-237d10abcdd3,SANSKRUTI ZIPPER,70,"[""https://drive.google.com/thumbnail?id=1TUAOhoKBM-wW3IvBN5ELG2-Wkx7Fgrzj&sz=w1000""]",e420673a-a636-467c-b1fc-3b9b32dde70c,9ec5df4b-5de5-475a-b5e1-3a2dc2e3d0a6,,120 g,ZIPPER POUCH ,a,2025-03-20T17:36:26.832Z,2025-03-31T17:39:16.464Z
64355906-97aa-4ab9-89e7-5e7006b504e0,KESAR 3 IN 1. ZIPPER,70,"[""https://drive.google.com/thumbnail?id=1ZkCzGRjSpQ-YLbJ0YclRPDRx82IDwnfr&sz=w1000""]",cfbcdcce-c390-4ad4-8be1-61e6670e3544,2521b558-30d6-4c86-b59a-9d3c930f9df8,,120 g,ZIPPER POUCH ,a,2025-03-20T17:40:01.690Z,2025-03-31T17:36:49.504Z
b07cdf1c-6e15-438f-aa50-acefc728d773,FRESH PINEAPPLE  ZIPPER ,70,"[""https://drive.google.com/thumbnail?id=1eTy2Z6qNLehfaENbnJs2m2ie93NQKGlD&sz=w1000""]",cfbcdcce-c390-4ad4-8be1-61e6670e3544,2521b558-30d6-4c86-b59a-9d3c930f9df8,,120 g,ZIPPER POUCH ,a,2025-03-20T17:48:21.907Z,2025-03-31T17:35:44.399Z
cff0c4d7-fd93-467d-a3c6-2e065d11bf72,ARIJ ZIPPER,70,"[""https://drive.google.com/thumbnail?id=1APK9ehUgcuuuI7f57LXoqWYc2M4-mIJW&sz=w1000""]",cfbcdcce-c390-4ad4-8be1-61e6670e3544,2521b558-30d6-4c86-b59a-9d3c930f9df8,,120 g,ZIPPER POUCH ,a,2025-03-20T17:50:26.213Z,2025-03-31T17:34:50.745Z
58aae010-58b8-47f0-bf66-3143c3c5f14e,WHITE SANDAL,55,"[""https://drive.google.com/thumbnail?id=1qezdhXYqcq0Jicxzn-t8UOLgwtwPwFCI&sz=w1000""]",96b94937-3d30-4d5d-92a1-d55010544129,ce969d72-748d-486c-a138-b78639afbdac,,50 g,SMALL THIN DHOOP STICKS,a,2025-03-20T18:00:08.854Z,2025-03-20T18:00:08.854Z
adebd14b-d41a-4927-afb3-a0171570bab9,SAI FLORA,55,"[""https://drive.google.com/thumbnail?id=1-hMtYTtSkUA91ybjm-cNBLJ08DIe--5R&sz=w1000""]",96b94937-3d30-4d5d-92a1-d55010544129,ce969d72-748d-486c-a138-b78639afbdac,,50 g,SMALL THIN DHOOP STICKS ,a,2025-03-20T18:03:07.395Z,2025-03-20T18:03:07.395Z
6c8779fd-8b9f-4c32-a281-402c7f78a0f2,KASTURI ,55,"[""https://drive.google.com/thumbnail?id=1CQQ6mbwXod-Zu_U5BnrhMZTOXUN3q2q3&sz=w1000""]",96b94937-3d30-4d5d-92a1-d55010544129,ce969d72-748d-486c-a138-b78639afbdac,,50 g,SMALL THIN DHOOP STICKS ,a,2025-03-20T18:05:43.134Z,2025-03-20T18:05:43.134Z
85de115c-6e32-48b0-8c4c-d95a98f4961c,KASTURI,75,"[""https://drive.google.com/thumbnail?id=1DJ4DKwnC0BOljxb-ZE22IbbK5ncputIn&sz=w1000""]",96b94937-3d30-4d5d-92a1-d55010544129,ce969d72-748d-486c-a138-b78639afbdac,,80 g,DHOOP STICKS ,a,2025-03-20T18:09:29.248Z,2025-03-20T18:09:29.248Z
c46c20fa-2d9f-4129-8364-e923f541dae7,ZEST,75,"[""https://drive.google.com/thumbnail?id=1iwqGJTlqS88icSKTIvAQabrJ83W5_Goq&sz=w1000""]",96b94937-3d30-4d5d-92a1-d55010544129,ce969d72-748d-486c-a138-b78639afbdac,,80 g,DHOOP STICKS,a,2025-03-20T18:10:57.281Z,2025-03-20T18:10:57.281Z
8bb886d8-a1a5-4d9c-a997-17b243052e3e,SAI FLORA,75,"[""https://drive.google.com/thumbnail?id=1jV374zai-c_2ovC3JffJQXqnDVTu3v6N&sz=w1000""]",96b94937-3d30-4d5d-92a1-d55010544129,ce969d72-748d-486c-a138-b78639afbdac,,80 g,DHOOP STICKS ,a,2025-03-20T18:12:43.934Z,2025-03-20T18:12:43.934Z
3fbe2b88-07b7-4dae-bced-716b18f5300a,MOGRA,75,"[""https://drive.google.com/thumbnail?id=1xvAxYwJN9QYLPj9CMRAvIQqyOqFN3BYB&sz=w1000""]",96b94937-3d30-4d5d-92a1-d55010544129,ce969d72-748d-486c-a138-b78639afbdac,,80 g,DHOOP STICKS ,a,2025-03-20T18:14:14.190Z,2025-03-20T18:14:14.190Z
fa87a074-1353-47d2-a9de-5775aec332bf,WHITE SANDAL,75,"[""https://drive.google.com/thumbnail?id=102E3CfaObWtJcPeot2ejIJHvhMenvAU_&sz=w1000""]",96b94937-3d30-4d5d-92a1-d55010544129,ce969d72-748d-486c-a138-b78639afbdac,,80 g,DHOOP STICKS ,a,2025-03-20T18:15:51.125Z,2025-03-20T18:42:38.272Z
9c9a2ef9-e9b2-4271-88e0-decabfae5fda,GUGGAL,75,"[""https://drive.google.com/thumbnail?id=1JodJszlNGyeIrb603398NC3Kr0NETu47&sz=w1000""]",96b94937-3d30-4d5d-92a1-d55010544129,ce969d72-748d-486c-a138-b78639afbdac,,80 g,DHOOP STICKS,a,2025-03-20T18:18:26.311Z,2025-03-20T18:18:26.311Z
1e651e84-b114-4bdb-87f5-cec391c14589,ANAND ROSE,75,"[""https://drive.google.com/thumbnail?id=1CuL_ODcYptDYYSxv7WHsvVjV7hS_mrYV&sz=w1000""]",96b94937-3d30-4d5d-92a1-d55010544129,ce969d72-748d-486c-a138-b78639afbdac,,80 g,DHOOP STICKS,a,2025-03-20T18:20:10.712Z,2025-04-15T10:23:21.899Z
ad700bb6-e2d3-4afe-bf0e-840f61326ba7,MAGNET,75,"[""https://drive.google.com/thumbnail?id=177m9At4Jhj7vSgvg3jpvNHpwkImUp0Bb&sz=w1000""]",96b94937-3d30-4d5d-92a1-d55010544129,ce969d72-748d-486c-a138-b78639afbdac,,80 g,DHOOP STICKS ,a,2025-03-20T18:22:08.034Z,2025-03-20T18:22:08.034Z
aad80f17-6d71-4984-a86a-c34cda8c9f5d,BRINDAVAN ,175,"[""https://drive.google.com/thumbnail?id=1Md06QoNmX6D5R86sWvar_zsbja5IvW7j&sz=w1000""]",f164e866-68d3-479e-9461-7a62c7d95ca5,ce969d72-748d-486c-a138-b78639afbdac,,50 g,PREMIUM DHOOP STICKS ,a,2025-03-20T18:25:46.783Z,2025-03-20T18:26:26.006Z
e9c8b1b1-dbf4-4b73-85d8-9504b928dadb,CIAN DHOOP STICKS ,70,"[""https://drive.google.com/thumbnail?id=1QiSvo-UYeT1N_E3XBE1i9fuxRFY-q8zV&sz=w1000"",""https://drive.google.com/thumbnail?id=1KGgxBVgA-NZgKBFo0wsdaKrmH49hfGmD&sz=w1000"",""https://drive.google.com/thumbnail?id=1xiPBwHwwj8KsHrGRAgw2h0EqZpeOFAN0&sz=w1000"",""https://drive.google.com/thumbnail?id=16bjRqfSIlNw9_Zq7nUKTQj00eIeS0T2Z&sz=w1000""]",cfbcdcce-c390-4ad4-8be1-61e6670e3544,ce969d72-748d-486c-a138-b78639afbdac,,10 Sticks,PREMIUM THICK DHOOP STICKS ,a,2025-03-20T18:34:32.510Z,2025-03-30T13:23:06.393Z
6f3ce3a4-bbde-44de-bb50-ae9fb143dd9d,WHITE DHOOP STICKS ,15,"[""https://drive.google.com/thumbnail?id=1Y5NRJ8q5P5-nlXvve1F-B-EScaNLUl78&sz=w1000""]",cfbcdcce-c390-4ad4-8be1-61e6670e3544,ce969d72-748d-486c-a138-b78639afbdac,,10 Sticks,DHOOP STICKS ,a,2025-03-20T18:42:04.798Z,2025-03-20T18:42:04.798Z
7bbb6fbd-9a60-4d78-8bc3-1353f05055e5,3 IN 1 DHOOP STICKS ,98,"[""https://drive.google.com/thumbnail?id=1FydFdbiT5nTA9tM1dI43vxAXKZ_RfXL2&sz=w1000""]",4d325a04-600b-476e-85ea-a35752ae2a3f,ce969d72-748d-486c-a138-b78639afbdac,,30 Sticks,DHOOP STICKS,a,2025-03-20T18:50:06.426Z,2025-03-23T13:52:12.710Z
7cdb3d39-059a-4e10-b969-b6dd8ad7ca05,GUGGAL GOLD,98,"[""https://drive.google.com/thumbnail?id=1tnNq_EJvN5KoLzJ0b5mO_DVvqv9gcnbc&sz=w1000""]",4d325a04-600b-476e-85ea-a35752ae2a3f,ce969d72-748d-486c-a138-b78639afbdac,,30 Sticks,DHOOP STICKS ,a,2025-03-20T18:52:27.574Z,2025-03-20T18:52:27.574Z
f2d8e9f4-d4e1-4f6d-bcff-750323640ec3,MYSORE SANDAL,92,"[""https://drive.google.com/thumbnail?id=1aHXuJgB2BQlAmMsOxfnQUALXaFHzWIdt&sz=w1000""]",4d325a04-600b-476e-85ea-a35752ae2a3f,ce969d72-748d-486c-a138-b78639afbdac,,30 Sticks,DHOOP STICKS,a,2025-03-20T18:55:29.373Z,2025-03-20T18:55:29.373Z
d9026a73-b6f9-4f44-93d5-7afef8c28211,MUSK OUDH,105,"[""https://drive.google.com/thumbnail?id=1C41ju8GqQ-oBiOQbgKNb2xonLRvG9dyE&sz=w1000""]",4d325a04-600b-476e-85ea-a35752ae2a3f,ce969d72-748d-486c-a138-b78639afbdac,,30 Sticks,DHOOP STICKS ,a,2025-03-20T18:57:51.326Z,2025-03-20T18:57:51.326Z
b754eeb3-ea0b-4b99-8ee7-3c49498bb251,VAISHNAV DEVI,92,"[""https://drive.google.com/thumbnail?id=1SMQt_lyaf8w778Q6h-Xxu3pjT7uWB_ne&sz=w1000""]",4d325a04-600b-476e-85ea-a35752ae2a3f,ce969d72-748d-486c-a138-b78639afbdac,,30 Sticks,DHOOP STICKS ,a,2025-03-20T19:01:14.872Z,2025-03-20T19:01:14.872Z
30056dba-60b9-4429-a863-aa14ad68f0d1,SRIPHAL SAMBRANI ,25,"[""https://drive.google.com/thumbnail?id=1Ix_jd_nwBPQZ2DLvw3mbsyk8bTBJ_rYp&sz=w1000""]",cfbcdcce-c390-4ad4-8be1-61e6670e3544,ce969d72-748d-486c-a138-b78639afbdac,,20 Sticks,SAMBRANI DHOOP STICKS ,a,2025-03-20T19:08:21.215Z,2025-03-20T19:08:21.215Z
604c0039-600f-470e-ac39-d59c0d19c3e0,SWASTIK SAMBRANI POWDER ,40,"[""https://drive.google.com/thumbnail?id=1XggifKfJCVXYC5o1UaVm76rvPD9pQAJR&sz=w1000""]",9a08ce6c-ad78-4eed-9de1-0f75fee8d191,a1591cbb-b433-4761-aa31-3ea8067857d4,,50 g,SAMBRANI POWDER ,a,2025-03-26T13:06:25.492Z,2025-03-26T13:09:58.703Z
99cf0839-6570-4764-ab23-d92897a58d8d,SWASTIK SAMBRANI POWDER ,20,"[""https://drive.google.com/thumbnail?id=1C2LSkfmLRtoTMGJdPOZ0FsZatG2g5sAP&sz=w1000""]",9a08ce6c-ad78-4eed-9de1-0f75fee8d191,a1591cbb-b433-4761-aa31-3ea8067857d4,,25 g,SAMBRANI POWDER ,a,2025-03-26T13:11:36.361Z,2025-03-30T10:09:55.252Z
4dd18006-da14-4138-b789-0d4f4aeb5041,SWASTIK SAMBRANI POWDER ,5,"[""https://drive.google.com/thumbnail?id=1Dmu5BaVXC7HSPT8yfro3TVUaUoN248te&sz=w1000""]",9a08ce6c-ad78-4eed-9de1-0f75fee8d191,a1591cbb-b433-4761-aa31-3ea8067857d4,,10 g,50 pouches Jar,a,2025-03-26T13:14:38.891Z,2025-03-26T13:14:38.891Z
545049ec-697c-4d26-8cac-a06f964824ef,DASANGAM POWDER,120,"[""https://drive.google.com/thumbnail?id=1waxLNr60eewJ-SJ-Qqn18vwRcjrZzAhI&sz=w1000""]",4d325a04-600b-476e-85ea-a35752ae2a3f,a1591cbb-b433-4761-aa31-3ea8067857d4,,100 g,Premium Dhoop Powder ,a,2025-03-30T12:32:42.427Z,2025-03-30T12:32:42.427Z
3bf9b7b0-3daa-48c9-89a6-ae003c7768c1,BATRISO,120,"[""https://drive.google.com/thumbnail?id=16fMOLTnET1I4SOpCpiFnyCZ0-oMzsHoH&sz=w1000""]",4d325a04-600b-476e-85ea-a35752ae2a3f,a1591cbb-b433-4761-aa31-3ea8067857d4,,100 g,Premium Dhoop Powder ,a,2025-03-30T12:34:53.901Z,2025-03-30T12:34:53.901Z
7977404e-6710-4ddd-9ac3-350781f0d612,SANDAL ,65,"[""https://drive.google.com/thumbnail?id=1FKfsYSEetO_yiSCc5OlTVlL6k407Kl17&sz=w1000""]",cfbcdcce-c390-4ad4-8be1-61e6670e3544,9ec5df4b-5de5-475a-b5e1-3a2dc2e3d0a6,,45 g,Premium Flora Incense Sticks ,a,2025-03-30T12:38:40.915Z,2025-03-30T12:38:40.915Z
ca242bba-6d5e-4c27-9eca-b8887fbc9f07,HIMALAYA KASTURI,110,"[""https://drive.google.com/thumbnail?id=1_7W8UDO4eN1RIjlpJA2-bWUd3bE6glmF&sz=w1000""]",82b0468b-1ef4-4d0f-860f-906cda269c8c,2521b558-30d6-4c86-b59a-9d3c930f9df8,,50 g,PREMIUM INCENSE STICKS ,a,2025-03-30T12:44:23.139Z,2025-03-30T12:44:23.139Z
97a73376-ce96-4869-b90d-673eb950bf6f,AASTHA,25,"[""https://drive.google.com/thumbnail?id=1TUIe73RUnFDX8yaDnIS5Sd0lIhdR8zA1&sz=w1000""]",cfbcdcce-c390-4ad4-8be1-61e6670e3544,ce969d72-748d-486c-a138-b78639afbdac,,20 Nos,SAMBRANI DHOOP STICKS ,a,2025-03-30T14:18:04.344Z,2025-04-18T05:26:29.230Z
a61acd3d-5801-49a2-a835-b9d3f1827462,SHREEDHAN HEAVEN ,150,"[""https://drive.google.com/thumbnail?id=1Dk4lvuBfon1X2nE9x0EiBuLs1_AppwpR&sz=w1000""]",f164e866-68d3-479e-9461-7a62c7d95ca5,ce969d72-748d-486c-a138-b78639afbdac,,40 g,PREMIUM DHOOP STICKS ,a,2025-03-30T16:30:13.897Z,2025-03-31T16:58:57.180Z
63c860ff-b905-45a7-9923-4859fcc3c654,PARFUM No.9 ,60,"[""https://drive.google.com/thumbnail?id=1wJ44X_PddREF0pg3M7evxGrOZUGArSmP&sz=w1000""]",cfbcdcce-c390-4ad4-8be1-61e6670e3544,2521b558-30d6-4c86-b59a-9d3c930f9df8,,100 g,PREMIUM FRAGRANCE STICKS,a,2025-03-30T16:56:45.005Z,2025-03-30T17:13:04.470Z
cbc1fd6d-64e8-42b6-86d2-2e1cc06bf09f,PARFUM BLACK,60,"[""https://drive.google.com/thumbnail?id=1DQnJFZ9ks-E1OdQ8U-brTTCL4QOD6eVm&sz=w1000"",""https://drive.google.com/thumbnail?id=1YqQSkWuRch02OUIpHz-HYUa5NOOqKZkD&sz=w1000""]",cfbcdcce-c390-4ad4-8be1-61e6670e3544,2521b558-30d6-4c86-b59a-9d3c930f9df8,,100 g,PREMIUM FRAGRANCE STICKS ,a,2025-03-30T16:59:18.339Z,2025-03-31T10:37:50.917Z
283d6862-8856-4390-8619-ea412b1713e4,SHREEDHAN CHANDAN,150,"[""https://drive.google.com/thumbnail?id=1bJJbL06yC5exKOc1W7E_-TX6n9oHcbs0&sz=w1000""]",f164e866-68d3-479e-9461-7a62c7d95ca5,ce969d72-748d-486c-a138-b78639afbdac,,50 g,PREMIUM DHOOP STICKS ,a,2025-03-30T17:04:42.985Z,2025-03-30T17:04:42.985Z
df09ed44-155c-413a-805b-a5de49e04647,SHREEDHAN GULAB,150,"[""https://drive.google.com/thumbnail?id=1YrUfAVUG8ECQMjby8FuD3QsM35_FIrdU&sz=w1000""]",f164e866-68d3-479e-9461-7a62c7d95ca5,ce969d72-748d-486c-a138-b78639afbdac,,50 g,PREMIUM DHOOP STICKS ,a,2025-03-30T17:07:29.280Z,2025-03-30T17:07:29.280Z
36141169-a60c-4bb2-8500-f5d7ebc77b81,PARFUM 1M,60,"[""https://drive.google.com/thumbnail?id=1RcXXJ9uTxV-p0snKP--xe3tEmrWH0ptd&sz=w1000"",""https://drive.google.com/thumbnail?id=1LAUu4HZUlfaU-jch0W636gJj658286yn&sz=w1000""]",cfbcdcce-c390-4ad4-8be1-61e6670e3544,2521b558-30d6-4c86-b59a-9d3c930f9df8,,100 g,PREMIUM FRAGRANCE STICKS ,a,2025-03-30T17:10:29.824Z,2025-03-31T10:36:38.304Z
3f837627-eda0-4c10-960a-4b66764bfeee,Gulab,60,"[""https://drive.google.com/thumbnail?id=1wPOofGn-QlBfdWDUVk5v9b_jBC1zdke2&sz=w1000""]",cfbcdcce-c390-4ad4-8be1-61e6670e3544,2521b558-30d6-4c86-b59a-9d3c930f9df8,,100 g,PREMIUM INCENSE STICKS,a,2025-03-30T20:02:33.309Z,2025-03-30T20:19:57.294Z
0ebdf05d-c946-4b69-a33a-bd822a7a04e4,PINEAPPLE,60,"[""https://drive.google.com/thumbnail?id=1tCvFmbohRGgRc-KOSe9eq1t4IPLI7lkr&sz=w1000""]",cfbcdcce-c390-4ad4-8be1-61e6670e3544,2521b558-30d6-4c86-b59a-9d3c930f9df8,,100 g,PREMIUM INCENSE STICKS ,a,2025-03-30T20:05:23.557Z,2025-03-30T20:06:09.776Z
3c937fdc-2f3b-42da-a8af-6583b0ada622,MOGRA,60,"[""https://drive.google.com/thumbnail?id=12Ma7h5oJMaptq425hn5PpwrGZq9nPcmp&sz=w1000""]",cfbcdcce-c390-4ad4-8be1-61e6670e3544,2521b558-30d6-4c86-b59a-9d3c930f9df8,,100 g,PREMIUM INCENSE STICKS ,a,2025-03-30T20:13:22.005Z,2025-03-30T20:13:22.005Z
ae27e709-2b71-4d9b-a34a-6e0655c4b199,TURBO,60,"[""https://drive.google.com/thumbnail?id=1uTKeKb2VNPDwzXgCbm2-ItmdO3sQ86qE&sz=w1000""]",cfbcdcce-c390-4ad4-8be1-61e6670e3544,2521b558-30d6-4c86-b59a-9d3c930f9df8,,100 g,PREMIUM INCENSE STICKS ,a,2025-03-30T20:14:38.089Z,2025-03-30T20:19:14.621Z
fb9b6173-0082-40b3-aefd-b374a3dba5cb,3 IN 1 LARGE,60,"[""https://drive.google.com/thumbnail?id=1yIEzGL-8fYD9fg8F7J_d56dVYR7OfiIN&sz=w1000""]",cfbcdcce-c390-4ad4-8be1-61e6670e3544,2521b558-30d6-4c86-b59a-9d3c930f9df8,,100 g,PREMIUM INCENSE STICKS ,a,2025-03-31T05:00:08.147Z,2025-03-31T17:21:55.176Z
feeaa8a9-8288-4468-9963-3190925ae53a,ATTAR PHOOL LARGE,60,"[""https://drive.google.com/thumbnail?id=1yTvJjTHlpaqvcM_dvyHLaBEcrxnIpIKY&sz=w1000""]",cfbcdcce-c390-4ad4-8be1-61e6670e3544,2521b558-30d6-4c86-b59a-9d3c930f9df8,,100 g,PREMIUM INCENSE STICKS ,a,2025-03-31T05:03:50.896Z,2025-03-31T17:24:45.811Z
dd428831-65ef-4673-9b3d-6cae7dd8ac4f,CHANDAN,60,"[""https://drive.google.com/thumbnail?id=1wUDOCD_dK8EMRZYEPPPDZdQXxZDjsZXp&sz=w1000""]",cfbcdcce-c390-4ad4-8be1-61e6670e3544,2521b558-30d6-4c86-b59a-9d3c930f9df8,,100 g,PREMIUM INCENSE STICKS ,a,2025-03-31T05:14:56.923Z,2025-03-31T05:14:56.923Z
c6bc4e37-c37e-402b-be3b-eb33a27e3391,AROGYAM CAMPHOR LARGE,60,"[""https://drive.google.com/thumbnail?id=1heP5Qs2K71r2mYHW8NY0w_JTRoGmShfl&sz=w1000""]",cfbcdcce-c390-4ad4-8be1-61e6670e3544,2521b558-30d6-4c86-b59a-9d3c930f9df8,,100 g,PREMIUM INCENSE STICKS ,a,2025-03-31T05:17:27.157Z,2025-03-31T17:24:20.111Z
a4d49bbe-5e35-4b34-8a4f-e0fdffc42aff,HOLY FLORA,60,"[""https://drive.google.com/thumbnail?id=1DztliEO-8WYXe1fyTmjFGAcxiIplNnp0&sz=w1000""]",cfbcdcce-c390-4ad4-8be1-61e6670e3544,2521b558-30d6-4c86-b59a-9d3c930f9df8,,100 g,PREMIUM FLORA BATTI,a,2025-03-31T05:22:27.711Z,2025-03-31T05:22:27.711Z
65caf4f9-3d8b-45ba-a40c-bb2c9b5f332a,PARFUM AQUA,60,"[""https://drive.google.com/thumbnail?id=1k8DLSEw36ctdvRUm5mui4FuGP4HD_waB&sz=w1000"",""https://drive.google.com/thumbnail?id=1Rcel5NCTU2A5cM_9P4UU21YQ5ic6SiAo&sz=w1000""]",cfbcdcce-c390-4ad4-8be1-61e6670e3544,2521b558-30d6-4c86-b59a-9d3c930f9df8,,100 g,PREMIUM FRAGRANCE STICKS ,a,2025-03-31T05:24:45.159Z,2025-03-31T10:37:10.933Z
eda92a89-7740-4a5e-bdde-f248c6e8c006,PARFUM EVA,60,"[""https://drive.google.com/thumbnail?id=1dvTHXC9tQ6cOyuwDqde60rDBhlCSbWT9&sz=w1000"",""https://drive.google.com/thumbnail?id=1lP0FbeYl_Gt7LR1IVA-QPAo-T8VZeVCz&sz=w1000""]",cfbcdcce-c390-4ad4-8be1-61e6670e3544,2521b558-30d6-4c86-b59a-9d3c930f9df8,,100 g,PREMIUM FRAGRANCE STICKS,a,2025-03-31T05:29:02.932Z,2025-03-31T05:29:02.932Z
65df822f-773d-4498-905b-a66b77299776,KASTURI,60,"[""https://drive.google.com/thumbnail?id=1mC__P1Wsq3zkF9UApujwCnqaD4Mqpjmx&sz=w1000""]",cfbcdcce-c390-4ad4-8be1-61e6670e3544,2521b558-30d6-4c86-b59a-9d3c930f9df8,,100 g,PREMIUM INCENSE STICKS ,a,2025-03-31T05:30:47.130Z,2025-03-31T05:30:47.130Z
86307bcc-6848-4a54-a64f-83ce8e1aeb5f,PARFUM ACE,60,"[""https://drive.google.com/thumbnail?id=1eupnySiUMrYI-Ppy7GfxEcN9nU-iLR56&sz=w1000"",""https://drive.google.com/thumbnail?id=1YXNKxaIRfFDrz92qkwHBZdDetnG9Y2ZK&sz=w1000""]",cfbcdcce-c390-4ad4-8be1-61e6670e3544,2521b558-30d6-4c86-b59a-9d3c930f9df8,,100 g,PREMIUM INCENSE STICKS ,a,2025-03-31T05:34:44.778Z,2025-03-31T10:38:26.865Z
53d7ccfa-cc0b-485f-ba1a-e3b7403dece9,PARFUME,60,"[""https://drive.google.com/thumbnail?id=12sUm9ei2aWTtyBIiBtgkecFxsreBUwKw&sz=w1000"",""https://drive.google.com/thumbnail?id=1oRF8WneOXhkIzXfOZ5Ogx1C4rAiPe8O3&sz=w1000""]",cfbcdcce-c390-4ad4-8be1-61e6670e3544,2521b558-30d6-4c86-b59a-9d3c930f9df8,,100 g,PREMIUM FRAGRANCE STICKS ,a,2025-03-31T05:46:35.123Z,2025-03-31T10:40:32.423Z
856ef158-f1cc-4d7a-8930-294369cfb821,LOBAN,60,"[""https://drive.google.com/thumbnail?id=1pIOVRmNeG7Hs-LqF45iS3gARIn-q98_Y&sz=w1000""]",cfbcdcce-c390-4ad4-8be1-61e6670e3544,2521b558-30d6-4c86-b59a-9d3c930f9df8,,100 g,PREMIUM INCENSE STICKS ,a,2025-03-31T05:48:52.195Z,2025-03-31T05:48:52.195Z
fa4424f0-c7fe-4ef5-a35c-dc174970a2bf,KESAR LAVENDER,58,"[""https://drive.google.com/thumbnail?id=1LtszUPuiGUkn_yjfad3ZZUSSmynHrjd-&sz=w1000""]",4d325a04-600b-476e-85ea-a35752ae2a3f,ce969d72-748d-486c-a138-b78639afbdac,,100 g,DHOOP STICKS ,a,2025-03-31T10:05:07.427Z,2025-03-31T10:05:07.427Z
8e3b9bbd-2927-4342-ac22-e2ff8b18e5ac,KESAR BRUT MUSK,58,"[""https://drive.google.com/thumbnail?id=1MtgUuPW0Gz6DPSL47djxmgUTjm8S_QCM&sz=w1000""]",4d325a04-600b-476e-85ea-a35752ae2a3f,ce969d72-748d-486c-a138-b78639afbdac,,100 g,DHOOP STICKS,a,2025-03-31T10:07:22.324Z,2025-03-31T10:07:22.324Z
10b3b3fa-43a3-4041-a6c7-0d8347c1dd3b,KESAR GULAB,58,"[""https://drive.google.com/thumbnail?id=1SHSEMsvd7U8-05yOduB_E2PWlQ027gT4&sz=w1000""]",4d325a04-600b-476e-85ea-a35752ae2a3f,ce969d72-748d-486c-a138-b78639afbdac,,100 g,DHOOP STICKS ,a,2025-03-31T10:21:10.088Z,2025-03-31T10:21:10.088Z
04417a51-c52e-4b2f-8b08-0b2902b07ecf,KESAR CHANDAN,58,"[""https://drive.google.com/thumbnail?id=1NsmPWfLgM8H-3FXs8-Jak8GCsvN4DC-I&sz=w1000""]",4d325a04-600b-476e-85ea-a35752ae2a3f,ce969d72-748d-486c-a138-b78639afbdac,,100 g,DHOOP STICKS ,a,2025-03-31T10:31:10.510Z,2025-03-31T10:31:10.510Z
f4185537-2c9a-4033-9048-e1ed94778fd3,KESAR MOGRA,58,"[""https://drive.google.com/thumbnail?id=11bT9YISQKhCmOshkUBukRIKpaYSecQVf&sz=w1000""]",4d325a04-600b-476e-85ea-a35752ae2a3f,ce969d72-748d-486c-a138-b78639afbdac,,100 g,DHOOP STICKS ,a,2025-03-31T10:33:09.850Z,2025-03-31T10:33:09.850Z
195e9b84-b2a9-4966-a122-f703bb1dd235,KESAR JASMINE ,58,"[""https://drive.google.com/thumbnail?id=1vUltSBgJKH-9DeT8AZseVvsl8s1-BaPX&sz=w1000""]",4d325a04-600b-476e-85ea-a35752ae2a3f,ce969d72-748d-486c-a138-b78639afbdac,,100 g,DHOOP STICKS ,a,2025-03-31T10:35:52.470Z,2025-03-31T10:35:52.470Z
1548cfc8-7d51-4154-9190-0a27127961f3,GOLD TWIST ,280,"[""https://drive.google.com/thumbnail?id=1kG_IZWpfY9B7DuOIuek_C0A9Iq8Vc7bA&sz=w1000""]",4d325a04-600b-476e-85ea-a35752ae2a3f,2521b558-30d6-4c86-b59a-9d3c930f9df8,,9 Nos,LONG STICKS ,a,2025-03-31T10:49:56.899Z,2025-03-31T10:49:56.899Z
c7229c4d-983c-4559-a9d8-cb233552a2cc,4 IN 1 LARGE,60,"[""https://drive.google.com/thumbnail?id=1jkUnJSPp3Z0nWMe30W8RHBraYEsUypsX&sz=w1000""]",cfbcdcce-c390-4ad4-8be1-61e6670e3544,2521b558-30d6-4c86-b59a-9d3c930f9df8,,100 g,PREMIUM. INCENSE STICKS T,a,2025-03-31T15:54:01.934Z,2025-03-31T17:22:33.289Z
f1164fbf-86da-4bed-a978-0a110e34683b,PURE SANDAL,60,"[""https://drive.google.com/thumbnail?id=1VcY-tDYAqQ4ESaTl964FrUsOT35v_sY-&sz=w1000""]",cfbcdcce-c390-4ad4-8be1-61e6670e3544,2521b558-30d6-4c86-b59a-9d3c930f9df8,,100 g,"PREMIUM INCENSE STICKS
",a,2025-03-31T15:57:49.162Z,2025-03-31T15:57:49.162Z
e375c150-4cb5-4342-82d4-f1fa8fe4006e,ARIJ LARGE,60,"[""https://drive.google.com/thumbnail?id=1pZVXR1M1mxBwKJmICnGZ8VEAGRf-w0ho&sz=w1000""]",cfbcdcce-c390-4ad4-8be1-61e6670e3544,2521b558-30d6-4c86-b59a-9d3c930f9df8,,100 g,PREMIUM INCENSE STICKS ,a,2025-03-31T15:59:58.695Z,2025-03-31T17:23:58.017Z
a37ad607-1c7d-4f72-8a07-9f0ba4d91e7e,MANTHAN LOBAN,30,"[""https://drive.google.com/thumbnail?id=1Raez48AwC9bAf-tu-oqLwMKnXUPRHJKD&sz=w1000"",""https://drive.google.com/thumbnail?id=194eJ28sc_jWx-ubYE2xf7AD4mpsgoxbS&sz=w1000""]",cfbcdcce-c390-4ad4-8be1-61e6670e3544,53e1b745-e826-431a-80ea-5f061a637102,,20 Sticks,WET DHOOP STICKS,a,2025-03-31T16:05:13.079Z,2025-03-31T16:57:42.024Z
c99ab97d-02db-4076-bbbe-0a40600473f8,MANTHAN MOGRA ,30,"[""https://drive.google.com/thumbnail?id=1QPuEl-_0AEFNbJC9Yhg2ySdlRZxGAKIe&sz=w1000"",""https://drive.google.com/thumbnail?id=1bASlXItw73XkQoA_rjTIsd07qLfs6TaT&sz=w1000""]",cfbcdcce-c390-4ad4-8be1-61e6670e3544,53e1b745-e826-431a-80ea-5f061a637102,,20 Sticks,WET DHOOP STICKS,a,2025-03-31T17:18:23.031Z,2025-03-31T17:37:48.598Z
f60a3971-71d9-4615-870e-e690b70b1c07,CHANDAN,30,"[""https://drive.google.com/thumbnail?id=1aJZDjD412LI8fsDEb7necufjveeIDOD8&sz=w1000"",""https://drive.google.com/thumbnail?id=1LlwcWj3VZ09BSvJiv5wSuApko_5FgSRL&sz=w1000""]",cfbcdcce-c390-4ad4-8be1-61e6670e3544,53e1b745-e826-431a-80ea-5f061a637102,,20 Sticks,WET DHOOP STICKS ,a,2025-03-31T17:19:48.260Z,2025-03-31T17:19:48.260Z
bf4c048f-cd94-4fee-95b4-4e32e7a5e4ef,MANTHAN GUGGAL WET DHOOP,30,"[""https://drive.google.com/thumbnail?id=1vrMm9mGz0sdR-b_Y_dWQdeu-bU0X2-3F&sz=w1000"",""https://drive.google.com/thumbnail?id=1KdbqP1CaometPjy4Nno3u43-WhXWVdfY&sz=w1000""]",cfbcdcce-c390-4ad4-8be1-61e6670e3544,53e1b745-e826-431a-80ea-5f061a637102,,20 Sticks,WET DHOOP STICKS ,a,2025-03-31T17:21:03.718Z,2025-03-31T17:50:42.541Z
3828fe62-49bb-4cbb-bc73-00a14391e530,MANTHAN ROSE WET DHOOP,30,"[""https://drive.google.com/thumbnail?id=1Wm257SCVf_wanwJGat9EXSQfmP5FT0GD&sz=w1000"",""https://drive.google.com/thumbnail?id=11eEMZDsdkxJKkPV3toT8VmkZVn5b0iLo&sz=w1000""]",cfbcdcce-c390-4ad4-8be1-61e6670e3544,53e1b745-e826-431a-80ea-5f061a637102,,20 Sticks,WET DHOOP STICKS ,a,2025-03-31T17:31:14.215Z,2025-03-31T17:38:32.964Z
51bb5b78-9619-42fe-8fbf-cd2ae4248df2,ARIJ WET DHOOP,30,"[""https://drive.google.com/thumbnail?id=1rA1VkVAZVnuKrtYtx8HhV9eWg60YO2kb&sz=w1000"",""https://drive.google.com/thumbnail?id=1PO3-y6nSiqH-GB0_FxR2ENvVGzfpe0vf&sz=w1000""]",cfbcdcce-c390-4ad4-8be1-61e6670e3544,53e1b745-e826-431a-80ea-5f061a637102,,20 Sticks,WET DHOOP STICKS ,a,2025-03-31T17:32:35.237Z,2025-03-31T17:32:35.237Z
e62d264b-7568-4ffc-ab20-1cf90c87d1c7,PINEAPPLE WET DHOOP,30,"[""https://drive.google.com/thumbnail?id=1apr4i1JHpK6UJEA0fgt1RFbGP8bqtwQ_&sz=w1000"",""https://drive.google.com/thumbnail?id=1uTL9ek1NNhGL12X7MPDjHS2AiZiQ2mGC&sz=w1000""]",cfbcdcce-c390-4ad4-8be1-61e6670e3544,53e1b745-e826-431a-80ea-5f061a637102,,20 Sticks,WET DHOOP STICKS ,a,2025-03-31T17:34:14.881Z,2025-03-31T17:34:14.881Z
5f799257-7e81-4e42-a2e8-65126dcb45cf,TURBO WET DHOOP ,30,"[""https://drive.google.com/thumbnail?id=1YkDuCOHh44fzGq7Q1tWJDC91PrCexsVo&sz=w1000""]",cfbcdcce-c390-4ad4-8be1-61e6670e3544,53e1b745-e826-431a-80ea-5f061a637102,,20 Sticks,WET DHOOP STICKS,a,2025-03-31T17:47:52.604Z,2025-03-31T17:47:52.604Z
b4aa9d68-a2bd-4ebe-b020-71a2c1ff24c5,LUXE BAMBOOLESS (NEW),75,"[""https://drive.google.com/thumbnail?id=1Ys41cCtScPIyk5c0FTfmbM8jwrpscrer&sz=w1000"",""https://drive.google.com/thumbnail?id=1LkVhq5aKH9geBnEDF761xY_wWh-q1fob&sz=w1000""]",cfbcdcce-c390-4ad4-8be1-61e6670e3544,2521b558-30d6-4c86-b59a-9d3c930f9df8,,90 g,"KACCHA BELLA, GUGGAL & CAMPHOR
BAMBOOLESS AGARBATTI ",a,2025-03-31T18:12:49.134Z,2025-05-16T04:18:43.306Z
fc792aff-ea40-4491-a7f5-9cea8e25de3f,LUXE BAMBOOLESS ,75,"[""https://drive.google.com/thumbnail?id=1Yerx4quSZwQrSOkOTlB_Yw5LcS5SXmv6&sz=w1000"",""https://drive.google.com/thumbnail?id=1ZJXW8hIQhLFgtaub4XQyYPiBaat-0W1s&sz=w1000"",""https://drive.google.com/thumbnail?id=1YD6ve1meY3LjAlYabdwqCdleKafFBz2J&sz=w1000"",""https://drive.google.com/thumbnail?id=1jDrl2VV2CcwRrR1s271SDjXRAORtkLIX&sz=w1000"",""https://drive.google.com/thumbnail?id=1SCnSJvkRH0uwbpNSXk-HX_-90tU4SUAO&sz=w1000""]",cfbcdcce-c390-4ad4-8be1-61e6670e3544,2521b558-30d6-4c86-b59a-9d3c930f9df8,,90 g,"ROSE, CHANDAN, MOGRA & LOBAN
BAMBOOLESS AGARBATTI ",a,2025-03-31T18:24:15.015Z,2025-03-31T18:24:15.015Z
3c04352c-c9a3-4676-b4bf-f0072d536744,3 IN 1 BAMBOOLESS AGARBATTI ,75,"[""https://drive.google.com/thumbnail?id=1oIkX3SVDgAH2ph5xIszV3HvEsSlHW6WB&sz=w1000""]",cfbcdcce-c390-4ad4-8be1-61e6670e3544,2521b558-30d6-4c86-b59a-9d3c930f9df8,,90 g,BAMBOOLESS AGARBATTI ,a,2025-04-01T06:17:04.806Z,2025-04-01T06:17:04.806Z
35785e43-160d-41b6-b787-74dbab6ac200,GOLDEN FLORA,85,"[""https://drive.google.com/thumbnail?id=14mlhmjiGVYpU8QxCwIFE7GaC_ssBt4Vj&sz=w1000""]",4d325a04-600b-476e-85ea-a35752ae2a3f,ffc80404-4b92-4115-9885-94940d1c3a61,,50 g,PREMIUM FLUXO STICKS ,a,2025-04-01T08:17:58.448Z,2025-04-01T11:24:29.126Z
06e08325-4739-4a23-b5eb-6e072375eea9,MEDAL,150,"[""https://drive.google.com/thumbnail?id=1I9xOX1bwrUz59EHADoI7eptV6twQEfQt&sz=w1000""]",468eb1ee-1d0b-47fe-b60e-cfae3d322978,2521b558-30d6-4c86-b59a-9d3c930f9df8,,375 g,JUMBO ZIPPER,a,2025-04-04T10:32:21.879Z,2025-04-04T13:13:12.400Z
3af6dada-c4a6-4e9c-af4e-99b6b018eb24,FRESHCA,150,"[""https://drive.google.com/thumbnail?id=1KxL8KzQL_JjXcdM7HVo7SiqVWCIn0GJu&sz=w1000""]",468eb1ee-1d0b-47fe-b60e-cfae3d322978,2521b558-30d6-4c86-b59a-9d3c930f9df8,,400 g,JUMBO ZIPPER,a,2025-04-04T12:46:18.700Z,2025-04-04T12:46:18.700Z
34e311cb-e62c-4d30-a90f-9b6582b1b792,ALL SEASONS,150,"[""https://drive.google.com/thumbnail?id=1BPXm-oSNTph2mXL2F-5xb6SY1YKUuvrb&sz=w1000""]",468eb1ee-1d0b-47fe-b60e-cfae3d322978,2521b558-30d6-4c86-b59a-9d3c930f9df8,,400 g,JUMBO ZIPPER 2,a,2025-04-04T12:50:20.463Z,2025-04-04T12:50:20.463Z
82f3919c-d09d-4b49-b652-8168273f8877,AYODHYA DHAM,150,"[""https://drive.google.com/thumbnail?id=1OszxTd_V-lsSaMK1ukNXVFHpXYL1n5qn&sz=w1000""]",468eb1ee-1d0b-47fe-b60e-cfae3d322978,2521b558-30d6-4c86-b59a-9d3c930f9df8,,400 g,JUMBO ZIPPER ,a,2025-04-04T13:06:23.596Z,2025-04-04T13:06:23.596Z
0f526729-8664-4756-8795-577f1d3ff51e,ARCHANA FLORA AGARBATTI ,70,"[""https://drive.google.com/thumbnail?id=1_n8R-pfb3co48htQESIfLI5lqFzkT-4Z&sz=w1000""]",e420673a-a636-467c-b1fc-3b9b32dde70c,9ec5df4b-5de5-475a-b5e1-3a2dc2e3d0a6,,90 g,FLORA AGARBATTI ,a,2025-04-04T13:23:04.400Z,2025-04-04T13:23:04.400Z
a5e108d9-a462-4638-93e6-68ef61837877,KASTURI,210,"[""https://drive.google.com/thumbnail?id=1P7sDSqZnT8y2_LS8DYHxyOZV-28UWhLN&sz=w1000""]",82b0468b-1ef4-4d0f-860f-906cda269c8c,9ec5df4b-5de5-475a-b5e1-3a2dc2e3d0a6,,50 g,,a,2025-04-04T13:38:27.486Z,2025-04-20T11:13:32.957Z
1c7673a1-7280-4e1a-b638-b0b731e3a00e,ARCHANA SAFFRON ,70,"[""https://drive.google.com/thumbnail?id=1Pt8rwe39GpSdFzKcwIWZOa1rMlPOc7cb&sz=w1000""]",e420673a-a636-467c-b1fc-3b9b32dde70c,9ec5df4b-5de5-475a-b5e1-3a2dc2e3d0a6,,90 g,FLORA BATTI,a,2025-04-04T14:50:00.511Z,2025-04-04T14:50:00.511Z
182dfce8-599d-4945-b9a4-76a582094234,ARCHANA LAVENDER ,70,"[""https://drive.google.com/thumbnail?id=1oapyCXN1H1bn8CCYTpyGePWzl_8z3RQk&sz=w1000""]",e420673a-a636-467c-b1fc-3b9b32dde70c,9ec5df4b-5de5-475a-b5e1-3a2dc2e3d0a6,,90 g,FLORA BATTI,a,2025-04-04T14:54:05.465Z,2025-04-04T14:54:05.465Z
464f37ab-8b34-4337-a9a8-3ce1aee86eb1,ARCHANA VEDANG,70,"[""https://drive.google.com/thumbnail?id=1sIW0oC8cNwbsXOabY2AmTZg1w_sshRJN&sz=w1000""]",e420673a-a636-467c-b1fc-3b9b32dde70c,9ec5df4b-5de5-475a-b5e1-3a2dc2e3d0a6,,90 g,FLORA BATTI,a,2025-04-04T14:56:01.065Z,2025-04-04T14:56:01.065Z
ac0e4988-70ca-407a-beb1-79884248938d,ARCHANA PANCHAM,70,"[""https://drive.google.com/thumbnail?id=1bZ6mSaopjjco5i3f-GqYPgjJV-J2A7_U&sz=w1000""]",e420673a-a636-467c-b1fc-3b9b32dde70c,9ec5df4b-5de5-475a-b5e1-3a2dc2e3d0a6,,90 g,FLORA BATTI,na,2025-04-04T14:57:28.951Z,2025-04-04T14:57:28.951Z
30d7d3ac-32b9-4959-bf5f-2ec9456e5b96,ARCHANA RUDRA,70,"[""https://drive.google.com/thumbnail?id=12i3ZvhOTbSZWzjdiKv32wFYrEZ8va3xn&sz=w1000""]",e420673a-a636-467c-b1fc-3b9b32dde70c,9ec5df4b-5de5-475a-b5e1-3a2dc2e3d0a6,,90 g,FLORA BATTI,a,2025-04-04T14:59:14.564Z,2025-04-04T14:59:14.564Z
7bea34b2-d806-42e1-98ad-1c8380f559b5,ARCHANA ROSE,70,"[""https://drive.google.com/thumbnail?id=14_mbcXRwXwFeB_LUkU7m03_SHdA_L2gD&sz=w1000""]",e420673a-a636-467c-b1fc-3b9b32dde70c,9ec5df4b-5de5-475a-b5e1-3a2dc2e3d0a6,,90 g,FLORA BATTI ,a,2025-04-04T15:00:52.107Z,2025-04-04T15:00:52.107Z
27927b0d-492d-4136-b94d-d6b114c31e45,ARCHANA SANSKRITI,70,"[""https://drive.google.com/thumbnail?id=1fshUYXzFp8orkXZWa5mY0TuOFmseLkRT&sz=w1000""]",e420673a-a636-467c-b1fc-3b9b32dde70c,9ec5df4b-5de5-475a-b5e1-3a2dc2e3d0a6,,90 g,FLORA BATTI,na,2025-04-04T15:02:32.252Z,2025-04-04T15:02:32.252Z
9c90e177-f78a-469e-b5cc-e949a28dc580,ARCHANA SANDAL,70,"[""https://drive.google.com/thumbnail?id=12JxiU4a4S5kTcVAT5Ffquqh-tUsLV71K&sz=w1000""]",e420673a-a636-467c-b1fc-3b9b32dde70c,9ec5df4b-5de5-475a-b5e1-3a2dc2e3d0a6,,90 g,FLORA BATTI,a,2025-04-04T15:04:10.947Z,2025-04-04T15:04:10.947Z
d0340468-c01e-428c-9604-456a6a037c37,KARISHMA MUSK,35,"[""https://drive.google.com/thumbnail?id=1I8DlCc5HBh8gKpviesVmOjjDPxAO9QfV&sz=w1000""]",82b0468b-1ef4-4d0f-860f-906cda269c8c,ce969d72-748d-486c-a138-b78639afbdac,,10 Sticks,DHOOP STICKS ,a,2025-04-08T19:15:19.199Z,2025-04-08T19:15:19.199Z
d8a95a6e-434a-4b0b-a07a-d2793d6b54d4,KARISHMA ORGANIC,35,"[""https://drive.google.com/thumbnail?id=1CrTAWcoC8xsxqAtEXbngi05pahv_GBNA&sz=w1000""]",82b0468b-1ef4-4d0f-860f-906cda269c8c,ce969d72-748d-486c-a138-b78639afbdac,,10 Sticks,DHOOP STICKS,a,2025-04-08T19:18:09.444Z,2025-04-08T19:18:09.444Z
9ce7a0c3-70ee-4dd9-a3f7-959df56a7617,KARISHMA ROSE,35,"[""https://drive.google.com/thumbnail?id=19_w060Pq13Xz6I5fqULLdT0leyMh92n_&sz=w1000""]",82b0468b-1ef4-4d0f-860f-906cda269c8c,ce969d72-748d-486c-a138-b78639afbdac,,10 Sticks,DHOOP STICKS ,a,2025-04-08T19:19:57.408Z,2025-04-08T19:19:57.408Z
04677a72-d63c-4229-9d2a-64c8ed961762,KARISHMA SUDH HONEY,35,"[""https://drive.google.com/thumbnail?id=1iH55SYKcFtA_LaiAsikpW7EHKC_qwJWK&sz=w1000""]",82b0468b-1ef4-4d0f-860f-906cda269c8c,ce969d72-748d-486c-a138-b78639afbdac,,10 Sticks,DHOOP STICKS,a,2025-04-08T19:21:34.403Z,2025-04-08T19:21:34.403Z
45d27121-8fd5-4443-a06a-384e2e84d625,KARISHMA MOGRA,35,"[""https://drive.google.com/thumbnail?id=1JCFH32y--QizOmVmEKZvoi5E-FXcdplY&sz=w1000""]",82b0468b-1ef4-4d0f-860f-906cda269c8c,ce969d72-748d-486c-a138-b78639afbdac,,10 Sticks,DHOOP STICKS ,a,2025-04-08T19:23:05.064Z,2025-04-08T19:23:05.064Z
18092c01-5d04-4b45-a614-3c3a1f9970a2,KARISHMA KESAR CHANDAN,35,"[""https://drive.google.com/thumbnail?id=1u6LvFy1yLXOL9TvX6bgM0-cG5FE8A8nB&sz=w1000""]",82b0468b-1ef4-4d0f-860f-906cda269c8c,ce969d72-748d-486c-a138-b78639afbdac,,10 Sticks,DHOOP STICKS ,a,2025-04-08T19:24:23.916Z,2025-04-08T19:24:23.916Z
5b0f73f7-358e-4828-bf94-ab5963c5d007,ARCHANA'S BAKHOOR ,180,"[""https://drive.google.com/thumbnail?id=1f9m8X7J6IebLN1gRexaPpdBu6O4YKXDl&sz=w1000""]",e420673a-a636-467c-b1fc-3b9b32dde70c,2521b558-30d6-4c86-b59a-9d3c930f9df8,,50 g,PREMIUM HAND ROLLED INCENSE STICKS ,a,2025-04-14T20:50:38.462Z,2025-04-14T20:50:38.462Z
51f17cd6-3300-4c6d-8702-50f46346162a,ARCHANA'S OUDH,200,"[""https://drive.google.com/thumbnail?id=1aFCdeOwG3xPp9_zA7oPCDhh7iMvOM2SP&sz=w1000""]",e420673a-a636-467c-b1fc-3b9b32dde70c,2521b558-30d6-4c86-b59a-9d3c930f9df8,,50 g,PREMIUM HAND ROLLED INCENSE STICKS ,a,2025-04-14T20:57:19.219Z,2025-04-19T09:40:46.736Z
3861b5c4-2ec5-405c-b035-c994a0c9702c,ZED BLACK ROSE CUPS,80,"[""https://drive.google.com/thumbnail?id=1tICHrg8VZVXU356gKzjwzS2VsF5Z_2nR&sz=w1000""]",cfbcdcce-c390-4ad4-8be1-61e6670e3544,49e31f4f-0006-487b-8b66-af8de947b029,,12 Cups,PREMIUM SAMBRANI CUPS,a,2025-04-15T10:16:07.911Z,2025-04-15T10:16:07.911Z
e471ffa3-5e51-4cdc-b595-b5a31a320b1a,ZED BLACK SANDALWOOD CUPS,80,"[""https://drive.google.com/thumbnail?id=1gItG3QdDJdlvaPw76V-WwhQx7ZKL-2xK&sz=w1000""]",cfbcdcce-c390-4ad4-8be1-61e6670e3544,49e31f4f-0006-487b-8b66-af8de947b029,,12 Cups,PREMIUM SAMBRANI CUPS,a,2025-04-15T10:17:41.585Z,2025-04-15T10:17:41.585Z
9ba791f5-4b44-4182-b90f-82d5ea53e2df,ZED BLACK CAMPHOR CUPS,80,"[""https://drive.google.com/thumbnail?id=10Mr5HCvN9oNKHbBtk7ah2-Gz2aVjRkZu&sz=w1000""]",cfbcdcce-c390-4ad4-8be1-61e6670e3544,49e31f4f-0006-487b-8b66-af8de947b029,,12 Cups,PREMIUM SAMBRANI CUPS,a,2025-04-15T10:19:27.903Z,2025-04-15T10:19:27.903Z
7d08130e-764b-4b78-9ae2-bdc54d51d415,OUDH WOOD,275,"[""https://drive.google.com/thumbnail?id=1OOZv-jzZksiql5-YjcSFpzoUJckzAKB2&sz=w1000""]",82b0468b-1ef4-4d0f-860f-906cda269c8c,2521b558-30d6-4c86-b59a-9d3c930f9df8,,50 g,PRIMIUM INCENSE STICKS ,a,2025-04-19T10:01:02.074Z,2025-04-19T10:01:02.074Z
3cd4bf79-c7d4-42c4-9b9b-f24963a71cab,MUSK HEENA,96,"[""https://drive.google.com/thumbnail?id=1DBoYSjl9f2qynvgqmBoOsftSXbOpd97Y&sz=w1000""]",4d325a04-600b-476e-85ea-a35752ae2a3f,ffc80404-4b92-4115-9885-94940d1c3a61,,50 g,PREMIUM FLUXO STICKS ,a,2025-04-19T10:04:32.847Z,2025-04-19T10:04:32.847Z
3770bef3-1bc6-40d8-8a60-4ae4ee623753,NICE ROSE,150,"[""https://drive.google.com/thumbnail?id=1Kh6jNBopEu_WickHkwJfTdMOFlHg78_6&sz=w1000""]",82b0468b-1ef4-4d0f-860f-906cda269c8c,2521b558-30d6-4c86-b59a-9d3c930f9df8,,10 Sticks,PREMIUM INCENSE STICKS ,a,2025-04-19T10:11:00.735Z,2025-04-19T10:11:00.735Z
d166a923-546f-4751-b3f2-e1f68815975a,ARPAN SAMBRANI CUP,72,"[""https://drive.google.com/thumbnail?id=1Z3Dxbij_UX9hn1RUhuAbZE0njdUU6vqW&sz=w1000""]",cfbcdcce-c390-4ad4-8be1-61e6670e3544,49e31f4f-0006-487b-8b66-af8de947b029,,12 Cups,SAMBRANI DHOOP CUPS ,a,2025-04-19T10:21:45.077Z,2025-04-19T10:21:45.077Z
c91254b7-ee41-4019-b8b0-2c1502096528,JUNIPER FOREST,150,"[""https://drive.google.com/thumbnail?id=1pyGJz9LcDaUOvS1Cu_OUK9IaDfex8yKl&sz=w1000""]",4d325a04-600b-476e-85ea-a35752ae2a3f,ffc80404-4b92-4115-9885-94940d1c3a61,,50 g,PREMIUM FLUXO STICKS ,na,2025-04-21T05:28:03.614Z,2025-04-21T05:28:03.614Z
f164c11f-6ac9-491f-9bc0-b922dc32ebc1,PURE BAKHOOR,120,"[""https://drive.google.com/thumbnail?id=1rBWMPxT-eL0igIHVnJ89jv-uRDGZXSd-&sz=w1000""]",82b0468b-1ef4-4d0f-860f-906cda269c8c,2521b558-30d6-4c86-b59a-9d3c930f9df8,,50 g,PREMIUM INCENSE STICKS ,na,2025-04-21T05:30:14.536Z,2025-04-21T05:30:14.536Z
3c640707-8066-4c25-b9e1-5ee3f36ceda8,BROOT MUSK,110,"[""https://drive.google.com/thumbnail?id=1DGl8SWnHBlksBWEz30Uf1-whEg9pmppe&sz=w1000""]",4d325a04-600b-476e-85ea-a35752ae2a3f,cd5afe71-46db-4517-b664-5a5e830b6690,,10 Sticks,"19"" INCHES LONG STICK",a,2025-05-03T13:45:15.417Z,2025-05-22T17:04:05.430Z
5a3b0412-b118-4d3c-ac97-d122a5b18ab5,MYSORE QUEEN,110,"[""https://drive.google.com/thumbnail?id=1a81pLSNMbAuLDNacpJe_9BCD1BcoGURB&sz=w1000""]",4d325a04-600b-476e-85ea-a35752ae2a3f,cd5afe71-46db-4517-b664-5a5e830b6690,,10 Sticks,"19""INCHES LONG STICK",a,2025-05-03T13:48:38.560Z,2025-05-22T17:04:59.844Z
dbb151df-194a-4d04-aea2-260d826c8f99,VANDE BHARAT,180,"[""https://drive.google.com/thumbnail?id=1wfAqcrKV0ap4SevHX8QUDvEe2ztPVmef&sz=w1000""]",4d325a04-600b-476e-85ea-a35752ae2a3f,2521b558-30d6-4c86-b59a-9d3c930f9df8,,50 g,PREMIUM INCENSE STICKS ,a,2025-05-03T14:40:03.228Z,2025-05-03T14:40:03.228Z
94f4fb59-ee68-44e9-8457-a88c736441fd,ROCKSTAR,70,"[""https://drive.google.com/thumbnail?id=1b9kCui4JYOnprlAuuO3Vx6AzriG6B50M&sz=w1000""]",468eb1ee-1d0b-47fe-b60e-cfae3d322978,2521b558-30d6-4c86-b59a-9d3c930f9df8,,125 g,PREMIUM INCENSE STICKS ,a,2025-05-06T07:30:44.444Z,2025-05-06T07:30:44.444Z
cc84a2a3-6704-4440-899f-e3da412917dd,AQUA FRESH,70,"[""https://drive.google.com/thumbnail?id=1Kx0TNKVrqC-oAPmjx5Q2DkCCcrqEWR_k&sz=w1000""]",468eb1ee-1d0b-47fe-b60e-cfae3d322978,2521b558-30d6-4c86-b59a-9d3c930f9df8,,120 g,PREMIUM INCENSE STICKS ,a,2025-05-06T07:49:56.313Z,2025-05-06T07:49:56.313Z
dbaaebd9-bf65-4b8b-b6e7-77ef66c233b4,GULMOHAR,70,"[""https://drive.google.com/thumbnail?id=1kDiKoaltah21cSBA5i9vk7RZ9M25yDgG&sz=w1000""]",468eb1ee-1d0b-47fe-b60e-cfae3d322978,2521b558-30d6-4c86-b59a-9d3c930f9df8,,125 g,PREMIUM INCENSE STICKS ,a,2025-05-06T07:53:19.349Z,2025-05-06T07:53:19.349Z
8c3b5183-c961-4fd8-a856-dcf012cb8c1a,KASTURI,70,"[""https://drive.google.com/thumbnail?id=1azEUFT5bshloQjZsz-zfhbtfQXIotzVz&sz=w1000""]",468eb1ee-1d0b-47fe-b60e-cfae3d322978,2521b558-30d6-4c86-b59a-9d3c930f9df8,,100 g,PREMIUM INCENSE STICKS ,a,2025-05-06T07:56:12.330Z,2025-05-06T07:56:12.330Z
83b59779-b68a-45f2-bf84-a63c509699a8,MY DREAM,70,"[""https://drive.google.com/thumbnail?id=1r_dIx8cTim2Ur8YdHXJwjuMmjQUxl2HS&sz=w1000""]",468eb1ee-1d0b-47fe-b60e-cfae3d322978,2521b558-30d6-4c86-b59a-9d3c930f9df8,,125 g,PREMIUM INCENSE STICKS ,a,2025-05-06T08:07:25.290Z,2025-05-06T08:07:25.290Z
1286b4f5-25e4-4cc2-95fc-3657c348c52b,WHITE HEAVEN,70,"[""https://drive.google.com/thumbnail?id=1TKLzPVpPuT_BFZUkR-p7HAzy0P7_gV5M&sz=w1000""]",468eb1ee-1d0b-47fe-b60e-cfae3d322978,2521b558-30d6-4c86-b59a-9d3c930f9df8,,125 g,PREMIUM INCENSE STICKS ,a,2025-05-06T08:09:53.569Z,2025-05-06T08:09:53.569Z
af8be352-fe91-4fe5-a526-dfaa97923dc4,GUGAL,70,"[""https://drive.google.com/thumbnail?id=1Y1wuO4hNUxQ_7k5K2kwSjzRVUG100NKM&sz=w1000""]",468eb1ee-1d0b-47fe-b60e-cfae3d322978,2521b558-30d6-4c86-b59a-9d3c930f9df8,,130 g,PREMIUM INCENSE STICKS ,a,2025-05-06T08:16:48.432Z,2025-05-06T08:16:48.432Z
8f78cfab-8f07-432a-ab4f-f52254a5f100,PHOOL TORA,70,"[""https://drive.google.com/thumbnail?id=1kje8l31Cqgoba5SQWhitd9S2fq0O1BKY&sz=w1000""]",468eb1ee-1d0b-47fe-b60e-cfae3d322978,2521b558-30d6-4c86-b59a-9d3c930f9df8,,120 g,PREMIUM INCENSE STICKS ,a,2025-05-06T08:20:31.513Z,2025-05-06T08:20:31.513Z
f197f136-70c2-4447-b945-4d9cd201dea2,BLOOM,70,"[""https://drive.google.com/thumbnail?id=1i9LVP3rjQ-LvhGQD-P-YLWh89qaX2IwO&sz=w1000""]",468eb1ee-1d0b-47fe-b60e-cfae3d322978,2521b558-30d6-4c86-b59a-9d3c930f9df8,,120 g,PREMIUM INCENSE STICKS ,a,2025-05-06T08:24:28.811Z,2025-05-06T08:24:28.811Z
7b05ea4b-ebde-47cd-a054-2ab327646ac0,KACHA MOGRA,75,"[""https://drive.google.com/thumbnail?id=1Iwj2_19Sbx38aTbZMTgHS5F53jvG8z5w&sz=w1000""]",82b0468b-1ef4-4d0f-860f-906cda269c8c,53e1b745-e826-431a-80ea-5f061a637102,,10 Sticks,PREMIUM WET DHOOP ,a,2025-05-06T18:11:41.140Z,2025-05-06T18:11:41.140Z
526b9cf4-291d-4605-a170-3686777cf720,GUGGAL,75,"[""https://drive.google.com/thumbnail?id=1mzDLW1Wz2D7XuVn3TOqIAYm8HBHaEFf4&sz=w1000""]",82b0468b-1ef4-4d0f-860f-906cda269c8c,53e1b745-e826-431a-80ea-5f061a637102,,10 Sticks,PREMIUM WET DHOOP,a,2025-05-06T18:13:41.541Z,2025-05-06T18:13:41.541Z
e8e17814-71c6-4572-b58f-50cb80fee05f,ROSE,75,"[""https://drive.google.com/thumbnail?id=1T_iOqFBD0Wq4eXLXSouVIwXuK0dYyob2&sz=w1000""]",82b0468b-1ef4-4d0f-860f-906cda269c8c,53e1b745-e826-431a-80ea-5f061a637102,,10 Sticks,PREMIUM WET DHOOP ,a,2025-05-06T18:16:58.638Z,2025-05-06T18:16:58.638Z
ce5087bf-b942-45cc-8eb4-9b0676bdb0b7,LOBAN,72,"[""https://drive.google.com/thumbnail?id=1DBdCWfwsxKBC5SK1A70Hu10-uCmyC--r&sz=w1000""]",82b0468b-1ef4-4d0f-860f-906cda269c8c,53e1b745-e826-431a-80ea-5f061a637102,,10 Sticks,PREMIUM WET DHOOP,a,2025-05-06T18:18:28.100Z,2025-05-06T18:18:28.100Z
81e37ff4-0096-4602-91cb-79080c530bb9,SAI VANDAN,75,"[""https://drive.google.com/thumbnail?id=1bYhxbL5nMuSk4FvbY0Zy4DC668iz3lnu&sz=w1000""]",82b0468b-1ef4-4d0f-860f-906cda269c8c,53e1b745-e826-431a-80ea-5f061a637102,,18 Sticks,PREMIUM WET DHOOP ,a,2025-05-06T18:19:46.355Z,2025-05-06T18:19:46.355Z
cef4a98e-acc7-4bf3-a674-c16d732caa01,AMRUT SAGAR,75,"[""https://drive.google.com/thumbnail?id=1zjsWyabJgzX1CjhRrp7doM4SwdzcRv1S&sz=w1000""]",82b0468b-1ef4-4d0f-860f-906cda269c8c,53e1b745-e826-431a-80ea-5f061a637102,,10 Sticks,PREMIUM WET DHOOP ,a,2025-05-06T18:21:24.610Z,2025-05-06T18:21:24.610Z
7b05a169-f6c1-477e-9845-e68979ab9347,MOGRA,160,"[""https://drive.google.com/thumbnail?id=1ahR-MGG3vK_ogPDn1FPdxxqSDh0APocL&sz=w1000""]",e420673a-a636-467c-b1fc-3b9b32dde70c,9ec5df4b-5de5-475a-b5e1-3a2dc2e3d0a6,,250 g,FLORA AGARBATTI ,a,2025-05-06T18:33:29.015Z,2025-05-06T18:33:29.015Z
05d359b7-5ca0-41a4-b2bc-8d7d3c1ea5e1,VEDANG,160,"[""https://drive.google.com/thumbnail?id=1j8zqMO0w0w6TkhalKdpABEc07HXQ3Sj5&sz=w1000""]",e420673a-a636-467c-b1fc-3b9b32dde70c,9ec5df4b-5de5-475a-b5e1-3a2dc2e3d0a6,,250 g,FLORA AGARBATTI ,a,2025-05-06T18:42:31.328Z,2025-05-06T18:42:31.328Z
8fadd343-9a67-40d5-a63c-79a50d187b10,FRESH ROSE,160,"[""https://drive.google.com/thumbnail?id=17hhcXLpy0eQvpt1y5fnpk5jU1-hx-0PH&sz=w1000""]",e420673a-a636-467c-b1fc-3b9b32dde70c,9ec5df4b-5de5-475a-b5e1-3a2dc2e3d0a6,,250 g,FLORA AGARBATTI ,a,2025-05-06T18:43:54.000Z,2025-05-06T18:43:54.000Z
2828279b-f0a6-4c68-9c1b-f4892cbe7f29,SANDAL,160,"[""https://drive.google.com/thumbnail?id=1uHmb6iYDzVY-W_KHiZY7vic63fXGcOuo&sz=w1000""]",e420673a-a636-467c-b1fc-3b9b32dde70c,9ec5df4b-5de5-475a-b5e1-3a2dc2e3d0a6,,250 g,FLORA AGARBATTI ,a,2025-05-06T18:45:01.694Z,2025-05-06T18:45:01.694Z
427441a6-141a-426f-bb7f-79478ba91578,LAVENDER ,160,"[""https://drive.google.com/thumbnail?id=1T_ws5mU0jTNTy2P5TFkcsjbheWi4d92Y&sz=w1000""]",e420673a-a636-467c-b1fc-3b9b32dde70c,9ec5df4b-5de5-475a-b5e1-3a2dc2e3d0a6,,250 g,FLORA AGARBATTI ,a,2025-05-06T18:47:06.906Z,2025-05-06T18:47:06.906Z
8f1fa8e1-a556-4321-a3d1-363654570204,RUDRA,160,"[""https://drive.google.com/thumbnail?id=1pnUzcYl5i2rg-GpzI1dUzhkjplBb9X5_&sz=w1000""]",e420673a-a636-467c-b1fc-3b9b32dde70c,9ec5df4b-5de5-475a-b5e1-3a2dc2e3d0a6,,250 g,FLORA AGARBATTI ,a,2025-05-06T18:48:03.847Z,2025-05-06T18:48:03.847Z
c9ab0872-662f-4fb2-accc-ef7029632d2e,OM FLORA ,160,"[""https://drive.google.com/thumbnail?id=1QF8cJ9wroyFQet8XnhtoYxvD6bsdEPqU&sz=w1000""]",e420673a-a636-467c-b1fc-3b9b32dde70c,9ec5df4b-5de5-475a-b5e1-3a2dc2e3d0a6,,250 g,FLORA AGARBATTI ,a,2025-05-06T18:52:57.584Z,2025-05-06T18:52:57.584Z
356adeba-5f62-4dc7-a295-a306a0e29ff6,SAMARPAN GHEE DIYA WICKS,75,"[""https://drive.google.com/thumbnail?id=1eE_OV0vOFy8FdaMp1SU0xFNHq1PEViMN&sz=w1000""]",cfbcdcce-c390-4ad4-8be1-61e6670e3544,a1591cbb-b433-4761-aa31-3ea8067857d4,,30 Nos,GHEE DIYA BATTI,a,2025-05-06T19:03:54.980Z,2025-05-06T19:03:54.980Z
ddeff562-c312-4634-becd-14ba00035e53,GOLDEN VETIVER,125,"[""https://drive.google.com/thumbnail?id=1dpxMYdmuZnvvYFbtrJ_JiFk3QkTyJrCh&sz=w1000""]",4d325a04-600b-476e-85ea-a35752ae2a3f,2521b558-30d6-4c86-b59a-9d3c930f9df8,,50 g,PREMIUM INCENSE STICKS,a,2025-05-06T19:23:45.155Z,2025-05-06T19:23:45.155Z
3de74dfd-2d52-460b-bf5e-7b26d5450288,GOLD KING ,220,"[""https://drive.google.com/thumbnail?id=1n8ZTXjXd17kV39-cpuUQpPHeTqdogjaW&sz=w1000""]",4d325a04-600b-476e-85ea-a35752ae2a3f,cd5afe71-46db-4517-b664-5a5e830b6690,,5 Sticks,"32"" INCHES LONG STICKS
6 HOURS BURNING TIME ",a,2025-05-07T04:37:59.862Z,2025-05-07T04:37:59.862Z
5c406a26-2492-4fb6-a323-6af6385fb678,LONG STICKS,280,"[""https://drive.google.com/thumbnail?id=1uwcYunfPnrhv3gpkEyZbuAWLx5FAco1m&sz=w1000""]",4d325a04-600b-476e-85ea-a35752ae2a3f,cd5afe71-46db-4517-b664-5a5e830b6690,,3 Sticks,5 HOURS BURNING TIME ,a,2025-05-07T04:40:37.841Z,2025-05-07T04:40:37.841Z
fd645831-5317-4099-b6f4-59cb51152f5f,KASTURI,110,"[""https://drive.google.com/thumbnail?id=162_x5d3DMrr8M5d6LDN72-AaJAwIk06y&sz=w1000""]",468eb1ee-1d0b-47fe-b60e-cfae3d322978,cd5afe71-46db-4517-b664-5a5e830b6690,,10 Sticks,"19""INCHES LONG STICKS ",a,2025-05-07T04:43:19.127Z,2025-05-07T04:43:19.127Z
55968593-dca3-4266-925f-49bc7b323d0f,BURMA WOODS,110,"[""https://drive.google.com/thumbnail?id=1WfFY-764FBzHWi2Uaix5xIrTkG6x9cUL&sz=w1000""]",468eb1ee-1d0b-47fe-b60e-cfae3d322978,cd5afe71-46db-4517-b664-5a5e830b6690,,10 Sticks,"19"" INCHES LONG STICKS
3 HOURS BURNING TIME ",a,2025-05-07T04:46:12.531Z,2025-05-07T04:46:12.531Z
84755ca2-bb7e-4213-9b70-de2391f0b251,MARVEL BEAUTY,70,"[""https://drive.google.com/thumbnail?id=13Q9lti4E6cqpD42XITbfdqTVB1XMpRZQ&sz=w1000""]",468eb1ee-1d0b-47fe-b60e-cfae3d322978,2521b558-30d6-4c86-b59a-9d3c930f9df8,,120 g,PREMIUM INCENSE STICKS ,na,2025-05-10T12:46:44.344Z,2025-07-22T06:10:28.584Z
08088dc3-36e6-4dfa-b154-30a43d4f0c85,ZEBRA FLORA,120,"[""https://drive.google.com/thumbnail?id=15hwj_b3iHHkIg24JSe7eO1a8kAwyI68Q&sz=w1000""]",468eb1ee-1d0b-47fe-b60e-cfae3d322978,9ec5df4b-5de5-475a-b5e1-3a2dc2e3d0a6,,50 g,PREMIUM FLORA AGARBATTI ,na,2025-05-10T12:53:16.674Z,2025-05-10T12:53:16.674Z
8e825516-f3a5-4a42-8e03-f6deb6d680cc,BLACK MUSK,120,"[""https://drive.google.com/thumbnail?id=1boCZsuJNkWohOD63RuMM559Xwtwvwu5l&sz=w1000""]",468eb1ee-1d0b-47fe-b60e-cfae3d322978,9ec5df4b-5de5-475a-b5e1-3a2dc2e3d0a6,,50 g,PREMIUM FLORA AGARBATTI ,a,2025-05-10T12:55:39.704Z,2025-05-10T12:55:39.704Z
bc47288a-9833-480b-9e33-f6040ddc62d9,MYSORE QUEEN,120,"[""https://drive.google.com/thumbnail?id=1Cx4vGgTE6YvyQcFjXb3oirwD0X9s14n-&sz=w1000""]",468eb1ee-1d0b-47fe-b60e-cfae3d322978,9ec5df4b-5de5-475a-b5e1-3a2dc2e3d0a6,,50 g,PREMIUM FLORA STICKS ,a,2025-05-10T12:57:50.819Z,2025-05-10T13:50:46.639Z
28abdde1-6131-4c4c-8c6d-2424fdfb8586,SKY BLUE,120,"[""https://drive.google.com/thumbnail?id=1t_q55NbWYIY2CqmePxxceBWSgd8j07WW&sz=w1000""]",468eb1ee-1d0b-47fe-b60e-cfae3d322978,9ec5df4b-5de5-475a-b5e1-3a2dc2e3d0a6,,50 g,PREMIUM FLORA AGARBATTI ,na,2025-05-10T13:01:40.414Z,2025-05-10T13:01:40.414Z
b55c4eee-a7a1-4b88-98c0-e12841281ef9,PINK CITY,75,"[""https://drive.google.com/thumbnail?id=1KbutKu5sacYRkeZO4eu475rYb68PMm2J&sz=w1000""]",468eb1ee-1d0b-47fe-b60e-cfae3d322978,2521b558-30d6-4c86-b59a-9d3c930f9df8,,90 g,PREMIUM INCENSE STICKS ,a,2025-05-10T13:26:08.832Z,2025-05-10T13:26:08.832Z
d837c579-b737-41da-8c8c-3e63bd086f6f,MRUG,75,"[""https://drive.google.com/thumbnail?id=1vwH9ADQEZ-P6fyEZ5VAF2cAKxUxSe2YZ&sz=w1000""]",468eb1ee-1d0b-47fe-b60e-cfae3d322978,2521b558-30d6-4c86-b59a-9d3c930f9df8,,90 g,PREMIUM INCENSE STICKS ,a,2025-05-10T13:29:08.317Z,2025-05-10T13:29:08.317Z
7f84b0d0-6431-4108-af1c-bb1db500a156,BLOOM,75,"[""https://drive.google.com/thumbnail?id=1hyDWN8S5Nz98RXwehaDisM0S9GYnQezp&sz=w1000""]",468eb1ee-1d0b-47fe-b60e-cfae3d322978,2521b558-30d6-4c86-b59a-9d3c930f9df8,,90 g,PREMIUM INCENSE STICKS ,a,2025-05-10T13:34:56.549Z,2025-05-10T13:34:56.549Z
6f7d083d-0440-4f22-98b4-5157ea491c7b,BURMA WOODS,95,"[""https://drive.google.com/thumbnail?id=10SeBNL-E4VSZU43VrUBPRa5eNMr335Mi&sz=w1000""]",468eb1ee-1d0b-47fe-b60e-cfae3d322978,2521b558-30d6-4c86-b59a-9d3c930f9df8,,100 g,PREMIUM INCENSE STICKS ,a,2025-05-11T16:49:37.507Z,2025-05-11T16:49:37.507Z
df8242e8-4a37-4dc0-ac8c-0b422e5af1be,SRIDATT,95,"[""https://drive.google.com/thumbnail?id=1w9HT3iCBQK_1EW9i72hmE8DQKNvJvBhL&sz=w1000""]",468eb1ee-1d0b-47fe-b60e-cfae3d322978,2521b558-30d6-4c86-b59a-9d3c930f9df8,,100 g,PREMIUM INCENSE STICKS ,a,2025-05-11T16:51:26.417Z,2025-05-11T16:51:26.417Z
cfc78735-9586-4947-9a44-043501a785fa,KASTURI,95,"[""https://drive.google.com/thumbnail?id=1jrIlO_EJ4lg3uXP7aYcrooyaoYrrGTXY&sz=w1000""]",468eb1ee-1d0b-47fe-b60e-cfae3d322978,2521b558-30d6-4c86-b59a-9d3c930f9df8,,100 g,PREMIUM INCENSE STICKS,a,2025-05-11T16:55:46.749Z,2025-05-11T16:55:46.749Z
8f805e23-4fe9-4e64-9f37-7d8e414d3b04,MORNING BLISS,110,"[""https://drive.google.com/thumbnail?id=1FNquwKOOmJKaaYjkNlj-JbbuqntZkXFM&sz=w1000""]",468eb1ee-1d0b-47fe-b60e-cfae3d322978,2521b558-30d6-4c86-b59a-9d3c930f9df8,,100 g,PREMIUM INCENSE STICKS ,a,2025-05-11T16:57:54.835Z,2025-05-11T16:57:54.835Z
4dad3274-30fb-4eae-9017-f974bfaa5625,REAL STONE,110,"[""https://drive.google.com/thumbnail?id=1p11qYhHIFO7_k99dmze1XRomz2WJ2KUn&sz=w1000""]",468eb1ee-1d0b-47fe-b60e-cfae3d322978,2521b558-30d6-4c86-b59a-9d3c930f9df8,,110 g,PREMIUM INCENSE STICKS ,a,2025-05-11T16:59:26.526Z,2025-05-11T16:59:26.526Z
7a2efaff-f21a-41ef-82d0-5da393329b89,GOLDEN GALAXY ,85,"[""https://drive.google.com/thumbnail?id=1WeWA3PJj_nPAoRqaAmnQmvQDCKRJjFAh&sz=w1000""]",468eb1ee-1d0b-47fe-b60e-cfae3d322978,2521b558-30d6-4c86-b59a-9d3c930f9df8,,100 g,PREMIUM INCENSE STICKS ,a,2025-05-11T17:01:05.713Z,2025-05-11T17:01:05.713Z
d39913ce-7bda-4836-a8fd-00418efaf471,SHIV SUGANDH,70,"[""https://drive.google.com/thumbnail?id=18P0Do-A0uCaogWvBk9EwdDhoELAPlp5C&sz=w1000""]",468eb1ee-1d0b-47fe-b60e-cfae3d322978,ce969d72-748d-486c-a138-b78639afbdac,,100 g,PREMIUM DHOOP STICK JAR,a,2025-05-14T20:18:19.158Z,2025-05-14T20:25:56.523Z
930eeb87-d1d0-4aa4-9618-c361bc2beb61,SAFFRONI KESAR CHANDAN,70,"[""https://drive.google.com/thumbnail?id=1hEH9qackuFAJduMdNtknRItzDr0YeuUg&sz=w1000""]",468eb1ee-1d0b-47fe-b60e-cfae3d322978,ce969d72-748d-486c-a138-b78639afbdac,,100 g,PREMIUM DHOOP STICK JAR,a,2025-05-14T20:20:06.888Z,2025-05-14T20:25:24.171Z
d5548291-873b-45fe-bc07-e03c4574b3f1,ATTAR AROMA,70,"[""https://drive.google.com/thumbnail?id=1zLtdO8HEBpRq0eYhHwc4StoV8r8Xvgbl&sz=w1000""]",468eb1ee-1d0b-47fe-b60e-cfae3d322978,ce969d72-748d-486c-a138-b78639afbdac,,100 g,PREMIUM DHOOP STICK JAR,a,2025-05-14T20:21:31.106Z,2025-05-14T20:24:55.016Z
27d21780-c4e3-4409-969d-ec2d2b481526,LITTLE FLOWER,70,"[""https://drive.google.com/thumbnail?id=1ecAVa13j06dGJvDebmcTOzkbXdytBAGS&sz=w1000""]",468eb1ee-1d0b-47fe-b60e-cfae3d322978,ce969d72-748d-486c-a138-b78639afbdac,,100 g,PREMIUM DHOOP STICKS JAR,a,2025-05-15T17:49:24.700Z,2025-05-15T17:49:24.700Z
ea346517-afa7-41f1-b1ec-e64e5623956d,WOODIES,70,"[""https://drive.google.com/thumbnail?id=1QM6TXtmpqdgAMv09-waiPAr1WfDamT0Y&sz=w1000""]",468eb1ee-1d0b-47fe-b60e-cfae3d322978,ce969d72-748d-486c-a138-b78639afbdac,,100 g,PREMIUM DHOOP STICKS JAR,a,2025-05-15T17:50:50.513Z,2025-05-15T17:50:50.513Z
798d2b49-c250-4d34-afc7-8a7717a68b66,GUGGAL,70,"[""https://drive.google.com/thumbnail?id=1062-tuk3Ss5ecN9nB2cmykAdPDOkJ2rV&sz=w1000""]",468eb1ee-1d0b-47fe-b60e-cfae3d322978,ce969d72-748d-486c-a138-b78639afbdac,,100 g,PREMIUM DHOOP STICKS JAR,a,2025-05-15T17:51:56.024Z,2025-05-15T17:51:56.024Z
c3c72fbf-00fb-4d9c-97b6-5bafa69424ba,RAJSHREE,120,"[""https://drive.google.com/thumbnail?id=1E2VI5EM0cD3pf9GjAHpQtFmv-fe8G-Ef&sz=w1000""]",cfbcdcce-c390-4ad4-8be1-61e6670e3544,ace697b1-ce03-4c84-b315-6fc3d63bf904,,500 g,JUMBO ZIPPER INCENSE STICKS ,a,2025-05-15T17:55:36.880Z,2025-05-15T17:56:42.742Z
f63f146d-9846-4d71-b67a-d9893b7280c6,ROYAL PALACE,150,"[""https://drive.google.com/thumbnail?id=1wQZOZ9xtbYVGml2KhgCkYBnR3KR9Vjie&sz=w1000""]",82b0468b-1ef4-4d0f-860f-906cda269c8c,ace697b1-ce03-4c84-b315-6fc3d63bf904,,500 g,JUMBO ZIPPER INCENSE STICKS ,a,2025-05-15T17:58:56.068Z,2025-05-15T17:58:56.068Z
4bb702fd-2ab9-4c3a-9e29-c9218de9443d,SHREE AMBAJI,82,"[""https://drive.google.com/thumbnail?id=1RhCuckvErECD2S_Wc4YpxzUWnqf0U-zj&sz=w1000""]",82b0468b-1ef4-4d0f-860f-906cda269c8c,49e31f4f-0006-487b-8b66-af8de947b029,,12 Cups,SPECIAL SAMBRANI CUP,a,2025-05-15T18:14:09.174Z,2025-05-15T18:14:09.174Z
7e9f6d29-e120-477e-9e5f-6031294d42a2,5 In 1 SPECIAL,220,"[""https://drive.google.com/thumbnail?id=1bLJpiJyUBPjxsFSlnS5GaLyeyRwQtTH4&sz=w1000""]",4d325a04-600b-476e-85ea-a35752ae2a3f,2521b558-30d6-4c86-b59a-9d3c930f9df8,,250 g,COLOURED METALLIC INCENSE STICKS ,a,2025-05-22T03:46:42.912Z,2025-05-22T03:46:42.912Z
e9317e87-60c2-44ab-92d1-a1396d0d5e0d,SILVER BELLS,100,"[""https://drive.google.com/thumbnail?id=1O-arVfbvskyxnJBakOoBBkZLPZ34pxDa&sz=w1000""]",4d325a04-600b-476e-85ea-a35752ae2a3f,2521b558-30d6-4c86-b59a-9d3c930f9df8,,100 g,METALLIC COLOUR PREMIUM INCENSE STICKS ,a,2025-05-22T16:26:44.899Z,2025-05-22T16:26:44.899Z
7b145df4-8e24-449c-96f6-4ebd67385d66,GOLD.MUSK,80,"[""https://drive.google.com/thumbnail?id=111AnNJQHSdS4s3LiaVv9dqmdc5D14qtk&sz=w1000""]",4d325a04-600b-476e-85ea-a35752ae2a3f,2521b558-30d6-4c86-b59a-9d3c930f9df8,,100 g,METTALIC COLOUR PREMIUM INCENSE STICKS ,a,2025-05-22T16:28:54.564Z,2025-05-22T16:28:54.564Z
9f560bb3-5b0c-40e6-9041-1f51c8feff74,VALENTINO ,80,"[""https://drive.google.com/thumbnail?id=1CAtLhUHh9Y8hxz-a_yASy1hLs8eAQtuk&sz=w1000""]",4d325a04-600b-476e-85ea-a35752ae2a3f,2521b558-30d6-4c86-b59a-9d3c930f9df8,,100 g,METALIC COLOUR PREMIUM INCENSE STICKS,a,2025-05-22T16:33:37.155Z,2025-05-22T16:33:37.155Z
3fc146ef-149d-4740-abbd-175d74e67201,MAHARAJA GOLD ,80,"[""https://drive.google.com/thumbnail?id=1ozHbghOXTdj442T6CDpTblsjfSpfGkjW&sz=w1000""]",4d325a04-600b-476e-85ea-a35752ae2a3f,2521b558-30d6-4c86-b59a-9d3c930f9df8,,100 g,METALLIC COLOUR PREMIUM INCENSE STICKS ,a,2025-05-22T16:37:26.081Z,2025-05-22T16:37:26.081Z
e74b1045-7857-45ea-ac48-6a30cc3e4740,GREEN VALLEY ,80,"[""https://drive.google.com/thumbnail?id=1NeR1CD1ljjfrE5CwMt785wMjMpR3EWdj&sz=w1000""]",4d325a04-600b-476e-85ea-a35752ae2a3f,2521b558-30d6-4c86-b59a-9d3c930f9df8,,100 g,METALLIC COLOUR PREMIUM INCENSE STICKS,a,2025-05-22T16:39:12.151Z,2025-05-22T16:51:35.689Z
8ed02570-3083-47ab-88ff-c4a4600a8de0,ZEEL,80,"[""https://drive.google.com/thumbnail?id=1OZ7EOQBI17jfJ2ooclxMHQJiIYZRejxe&sz=w1000""]",4d325a04-600b-476e-85ea-a35752ae2a3f,ce969d72-748d-486c-a138-b78639afbdac,,100 g,"METALLIC COLOUR PREMIUM INCENSE STICKS
",a,2025-05-22T16:40:58.210Z,2025-05-22T16:40:58.210Z
0b8530aa-8188-4bf3-bbdf-ff57910fb643,CHANDAN,80,"[""https://drive.google.com/thumbnail?id=1U6Wk6SY9F23mP4MNkR4WyiOvlKyvF1QP&sz=w1000""]",cfbcdcce-c390-4ad4-8be1-61e6670e3544,be9dfb30-7a58-489a-af9f-320c64fa3d70,,110 g,PREMIUM DHOOP CONES,a,2025-05-24T06:12:48.840Z,2025-05-24T06:12:48.840Z
fd3f12b7-e262-48e6-9ae6-24859850096f,GUGGAL,80,"[""https://drive.google.com/thumbnail?id=1fTigvZc6Nc8h_-vqDbMmCD51veEIQSF1&sz=w1000""]",cfbcdcce-c390-4ad4-8be1-61e6670e3544,be9dfb30-7a58-489a-af9f-320c64fa3d70,,110 g,PREMIUM DHOOP CONES ,a,2025-05-24T06:20:59.024Z,2025-05-24T06:20:59.024Z
3a42383e-f9cf-467d-b6cc-03f31b4cd190,GULAB,80,"[""https://drive.google.com/thumbnail?id=1gtWGR-ieDk6n_56vJArA49zdGIS06mBQ&sz=w1000""]",cfbcdcce-c390-4ad4-8be1-61e6670e3544,be9dfb30-7a58-489a-af9f-320c64fa3d70,,110 g,PREMIUM DHOOP CONES,a,2025-05-24T07:01:46.581Z,2025-05-24T07:01:46.581Z
c3fd2300-4a94-4da1-85e8-20f42f1167b7,TURBO,80,"[""https://drive.google.com/thumbnail?id=1imZHXNccWr6GJa0o_IW3d1FsHRqX7idm&sz=w1000""]",cfbcdcce-c390-4ad4-8be1-61e6670e3544,be9dfb30-7a58-489a-af9f-320c64fa3d70,,110 g,PREMIUM DHOOP CONES,a,2025-05-24T07:07:25.843Z,2025-05-24T07:07:25.843Z
50c9aa9e-0b0f-4f6b-9534-3e3a45845dfc,STELLAR,80,"[""https://drive.google.com/thumbnail?id=1No52y24Ka3YmMdKDiavDUshHi1xd0Xn0&sz=w1000""]",cfbcdcce-c390-4ad4-8be1-61e6670e3544,be9dfb30-7a58-489a-af9f-320c64fa3d70,,110 g,PREMIUM DHOOP CONES,a,2025-05-24T07:09:03.861Z,2025-05-24T07:09:03.861Z
a0f0825c-7086-4357-8020-783937046f93,ARIJ,80,"[""https://drive.google.com/thumbnail?id=1cJiTy8l8BUjkbVdBD8YXKt1oKM5eboTL&sz=w1000""]",cfbcdcce-c390-4ad4-8be1-61e6670e3544,be9dfb30-7a58-489a-af9f-320c64fa3d70,,110 g,PREMIUM DHOOP CONES ,a,2025-05-24T07:10:35.939Z,2025-05-24T07:10:35.939Z
2ee1d71e-41f3-4cb7-9ce0-54acf6d31207,LAVENDER,80,"[""https://drive.google.com/thumbnail?id=1iViVVniSFtx3bUvHB0JQq-JLSSSBPIG4&sz=w1000""]",cfbcdcce-c390-4ad4-8be1-61e6670e3544,be9dfb30-7a58-489a-af9f-320c64fa3d70,,110 g,,a,2025-05-24T07:12:08.074Z,2025-05-24T07:12:08.074Z
6284b8d1-368c-46bc-9280-5850204ec064,SAFFRON,80,"[""https://drive.google.com/thumbnail?id=1-NtcPJ1E8G4EDMi8u5uITt-Y70e_Qu3r&sz=w1000""]",cfbcdcce-c390-4ad4-8be1-61e6670e3544,be9dfb30-7a58-489a-af9f-320c64fa3d70,,110 g,PREMIUM DHOOP CONES ,a,2025-05-24T07:13:51.043Z,2025-05-24T07:13:51.043Z
8bccb2da-7d7a-41f2-8c68-f8c61af9cdac,PINEAPPLE ,80,"[""https://drive.google.com/thumbnail?id=1HFhfahQS9OHRuV6gNHeSEpmYgooXXzFd&sz=w1000""]",cfbcdcce-c390-4ad4-8be1-61e6670e3544,be9dfb30-7a58-489a-af9f-320c64fa3d70,,110 g,PREMIUM DHOOP CONES ,a,2025-05-24T07:24:32.956Z,2025-05-24T07:24:32.956Z
f4f9c3f8-d8f1-456a-9944-2604907deab2,SAMARPAN BHIMSENI CAMPHOR ,150,"[""https://drive.google.com/thumbnail?id=1dmfuNLvDMt1SdxI1rUb7WmRZSS7LTCoN&sz=w1000""]",cfbcdcce-c390-4ad4-8be1-61e6670e3544,b799ebab-d2af-4791-85ba-c0e5112458fb,,50 g,PREMIUM QUALITY ,a,2025-05-27T16:47:18.470Z,2025-05-27T16:47:18.470Z
b8310c35-cdd7-46cd-8f94-ccbdd4c39248,SAMARPAN BHIMSENI CAMPHOR ,33,"[""https://drive.google.com/thumbnail?id=1RU5LU5UtNqgYJ1tMTcm-yAf8vdWxl_vz&sz=w1000""]",cfbcdcce-c390-4ad4-8be1-61e6670e3544,b799ebab-d2af-4791-85ba-c0e5112458fb,,10 g,PREMIUM QUALITY ,a,2025-05-27T16:51:12.696Z,2025-05-30T20:05:32.098Z
9d106a80-66da-4686-a810-04236da2723c,SAMARPAN BHIMSENI CAMPHOR ,1450,"[""https://drive.google.com/thumbnail?id=1qed0LFXazWLvliOIQafz5okTuxiGYWaI&sz=w1000""]",cfbcdcce-c390-4ad4-8be1-61e6670e3544,b799ebab-d2af-4791-85ba-c0e5112458fb,,500 g,PREMIUM QUALITY ,a,2025-05-27T16:55:46.404Z,2025-05-27T16:55:46.404Z
6b512dc2-1011-4ee4-9f8f-eb000467c025,NATURAL CUP JAR,120,"[""https://drive.google.com/thumbnail?id=1yV7GCsZMQCF_0Qzyk83OX1T5OGhlRvAs&sz=w1000""]",cfbcdcce-c390-4ad4-8be1-61e6670e3544,49e31f4f-0006-487b-8b66-af8de947b029,,22 Cups,SAMBRANI DHOOP CUPS,a,2025-05-31T11:52:31.608Z,2025-05-31T11:52:31.608Z
63c767f2-964f-4a77-862d-dba99943320e,WHITE SAGE,120,"[""https://drive.google.com/thumbnail?id=1WrCzbRglVa5buT-lU7XZVRbldaEvV1PX&sz=w1000""]",82b0468b-1ef4-4d0f-860f-906cda269c8c,9ec5df4b-5de5-475a-b5e1-3a2dc2e3d0a6,,50 g,PREMIUM MASALA AGARBATTI ,a,2025-06-01T15:41:46.732Z,2025-06-01T15:41:46.732Z
2802f8a6-d8fa-46b5-8bc1-91166744ba8c,SAMARPAN ASTHAGANDHA CHANDAN,25,"[""https://drive.google.com/thumbnail?id=1kzB-1GwTb5Jg-ZZsxeq_I0lSJlrooPpR&sz=w1000""]",cfbcdcce-c390-4ad4-8be1-61e6670e3544,a1591cbb-b433-4761-aa31-3ea8067857d4,,30 g,ASTHAGANDHA CHANDAN,a,2025-06-08T03:33:42.020Z,2025-06-08T03:33:42.020Z
fe4c700d-9866-4d33-9049-e02c519d56d6,SAMARPAN KUMKUM (ROLI),10,"[""https://drive.google.com/thumbnail?id=1ynFvqgBeGh4LvhyP4XJaMDM7i59tTsj2&sz=w1000""]",cfbcdcce-c390-4ad4-8be1-61e6670e3544,a1591cbb-b433-4761-aa31-3ea8067857d4,,10 g,KUMKUM (ROLI),a,2025-06-08T15:34:37.345Z,2025-06-08T15:34:37.345Z
d29da8ae-153e-4803-81f6-870768b9d875,SAMARPAN CHAMELI OIL,30,"[""https://drive.google.com/thumbnail?id=1ML0OkxgrH1qYiO1rCAaPJbU2NI5z93ir&sz=w1000""]",cfbcdcce-c390-4ad4-8be1-61e6670e3544,a1591cbb-b433-4761-aa31-3ea8067857d4,,50 ml,CHAMELI OIL,a,2025-06-08T15:37:11.609Z,2025-06-08T15:37:11.609Z
d67a9810-7786-4ee6-8c19-681571f9fbc7,SAMRUDHI,60,"[""https://drive.google.com/thumbnail?id=1aJFAit5WALXyMzUHIvIUNLdLMk9AMdpp&sz=w1000""]",82b0468b-1ef4-4d0f-860f-906cda269c8c,ace697b1-ce03-4c84-b315-6fc3d63bf904,,250 g,INCENSE STICKS,a,2025-06-08T15:44:12.274Z,2025-06-08T15:44:12.274Z
a7dcb995-ddd8-4add-b564-dde5b14f7309,SAWARIYA,40,"[""https://drive.google.com/thumbnail?id=1RU8EekBrveadY3CSJ9qq2D_L0b6y0PmZ&sz=w1000""]",82b0468b-1ef4-4d0f-860f-906cda269c8c,ace697b1-ce03-4c84-b315-6fc3d63bf904,,160 g,INCENSE STICKS,a,2025-06-08T15:45:41.915Z,2025-06-08T15:45:41.915Z
6ec71bad-0b94-4fac-9398-0e80ffa831fd,3 IN1 MEDIUM,12,"[""https://drive.google.com/thumbnail?id=19QijVf065b7hJxKOw7uxt3nMPSJUwBeF&sz=w1000""]",cfbcdcce-c390-4ad4-8be1-61e6670e3544,2521b558-30d6-4c86-b59a-9d3c930f9df8,,16 g,PREMIUM INCENSE STICKS ,a,2025-06-08T16:49:28.558Z,2025-06-08T16:49:28.558Z
b49f90b0-6453-44e6-b4f6-650ae5e680e2,PURE BLISS 3 IN 1,30,"[""https://drive.google.com/thumbnail?id=1NQJebyNneUIjP92sr1_yPbmqKvEK0yhY&sz=w1000""]",cfbcdcce-c390-4ad4-8be1-61e6670e3544,2521b558-30d6-4c86-b59a-9d3c930f9df8,,70 g,PREMIUM INCENSE STICKS ,a,2025-06-08T16:51:39.016Z,2025-06-11T16:21:41.134Z
1766cd62-a401-4ce3-a69a-3799c59da683,3 in 1 CUPS,80,"[""https://drive.google.com/thumbnail?id=1bSBtGBpcSACUwM93rWp5Ve83-aTVN3oc&sz=w1000""]",cfbcdcce-c390-4ad4-8be1-61e6670e3544,49e31f4f-0006-487b-8b66-af8de947b029,,12 Cups,DHOOP CUPS,a,2025-06-12T13:39:50.019Z,2025-06-12T13:39:50.019Z
f774f9e3-b780-4e89-aa86-776de8e95764,BLUE MOON,70,"[""https://drive.google.com/thumbnail?id=1nKr4q6s2_khC_mNZGPcMxBgRep8ADZR2&sz=w1000""]",468eb1ee-1d0b-47fe-b60e-cfae3d322978,2521b558-30d6-4c86-b59a-9d3c930f9df8,,100 g,PREMIUM INCENSE STICKS ,a,2025-07-15T05:20:09.595Z,2025-07-15T05:20:09.595Z
0e22478b-0ca8-4a74-a411-9f0a3c7b7721,RIO,70,"[""https://drive.google.com/thumbnail?id=1jtSHrVTux5dHgl3bhNqAYDhCpdftVgEB&sz=w1000""]",468eb1ee-1d0b-47fe-b60e-cfae3d322978,2521b558-30d6-4c86-b59a-9d3c930f9df8,,120 g,PREMIUM INCENSE STICKS ,a,2025-07-22T06:09:33.028Z,2025-07-22T06:09:33.028Z